year;1;2;3;4;7;9;10;11;12;13;14;15;16;17;18;19;20;21;23;26;27;28;29;32;33;35;37;38;39;40;41;44;46;47;48;49;50;51;52;53;54;56;57;58;59;60;61;62;63;66;67;68;69;70;72;73;74;75;79;80;81;84;86;87;89;90;91;93;95;96;97;98;99;100;101;102;103;104;105;106;107;108;109;110;112;113;114;115;116;117;118;119;120;121;122;123;124;126;128;129;130;131;132;133;134;135;136;137;138;141;143;144;146;147;149;150;151;153;154;156;157;158;159;162;165;166;167;168;169;170;171;173;174;175;176;177;178;179;181;182;183;184;185;186;189;194;195;196;197;198;199;200;201;202;203;206;207;208;209;210;211;212;213;214;215;216;217;220;221;222;223;225;226;228;229;230;231;233;234;235;236;237;238;244;248;249;250;251;255;256;272;273;299
1986;0;10211.13574;205.1113293;0.631738424;23.92077738;62234.7741;401744.9101;0;0;0;0;0;67.80944677;0;0;1281.40714;174.6914148;179994.2646;0;0;535.3702659;4906.903935;203.4168069;51313.58607;0;0;16347.59797;5.695372584;36081.90863;0;1073354.94;57807.77197;0;0;51.76164915;0;0;0;0;58488.78521;0;378.5178469;0;0.341407579;111452.1922;5816.182602;0;14142.61784;0;0;0;0;0;0;0;0;0;480.6254636;0;0;77.21774651;53652.50267;0.013641253;0;30065.52217;100.7976122;0;254.2572067;4237.47594;0;0;0;0;179859.5194;4521.225973;1552.09444;5.935890146;0;83807.09196;2.546567212;119266.4545;0;0;0;0;0;7295.411739;0;32.69982816;17.13857315;0;0;55.87251836;0;0;0;0;0;0;6446.421379;20504.37424;0;0;47032.12749;0;0;0;0;73465.48152;0;41.30009623;1026.156188;0;0;0;0;0;0;0;0;50488.55745;219.4560263;35.88061674;0;658050.7928;0;0;0;170576.1837;21376.18784;1972.222869;0;0;803.4464021;0;0;0;0;112547.031;0;9.37760966;0;0;0;0;0;59222.01802;0;0;0;0;0;0;5757.552722;17640.70023;139977.3652;0;0;37.31193518;0;0;101092.6302;0;1.127994882;40049.18691;6873.567249;46115.79686;0;0;0;129060.0205;0;3438.276146;820073.3598;0;0;1155640.072;55272.03705;5.615414318;0;3690.649576;0;0;0;48.55064567;0;0;897.0160356;0;0;0;0;0
1987;0;14256.63966;0;0.724209834;74.44321524;46759.71353;297933.0775;0;0;0;0;0;127.5294949;0;0;0.389891217;127.8600239;291748.527;0;0;5867.040394;3609.847584;1914.520097;36901.82516;0;0;4723.213111;0.989110557;21486.97753;0;1313382.047;42949.1286;0;0;51.12319807;0;0;0;0;97026.91939;0;218.2113112;0;0.52852826;104873.2261;1623.677309;0;21397.96812;0;0;0;0;0;0;0;0;0;1086.501784;0;0;112.3706591;91379.10552;0;0;13039.84006;0;0;11.97823886;4117.606636;0;0;0;0;224249.9174;1742.555364;6682.006032;713.788073;0;51043.2844;6.090162357;111934.1252;0;0;0;0;0;5194.657983;0;0.547895012;15.35402723;0;0;0;0;0;0;0;0;0;14577.55419;2469.031967;0;0;63525.30882;0;0;0;0;45984.92174;0;529.5383488;2423.393806;0;0;0;0;0;0;0;0;46598.91503;2054.91193;132.5268357;0;523341.0159;0;0;0;122474.3641;9962.518797;1675.788396;0;0;346.757192;0;0;0;0;95807.75682;0;23.85662489;0;0;0;0;0;24176.54001;0;0;0;0;0;0;3019.344984;16843.62202;162459.8549;0;0;14.36155078;0;0;70989.02353;0;1.034916539;59010.61393;7794.751378;52476.7178;0;0;0;113168.1428;0;2810.848232;816436.2796;0;0;1686520.782;62056.33633;17.51648695;0;460.6000481;21.56508414;0;0;37.04240537;0;138.4401818;139.2581382;0;0;0;0;0
1988;0;9957.657966;47.92257995;0.166538777;0;246027.4425;387640.1161;0;0;0;0;0;118.6927448;0;0;1054.204006;89.42850896;253562.2356;0;0;16484.34749;3744.897185;1134.945235;39629.66013;0;0;5720.773973;0.216018881;27490.19361;0;1387319.407;36810.07844;0;0;92.58643305;0;0;0;0;26030.9947;0;816.6678582;0;11.91966825;69177.16324;153.016483;0;14068.81591;0;0;0;0;0;0;0;0;0;1326.839653;0;0;2945.030728;73341.82126;20.63653095;0;34200.05946;2099.569982;0;17.64495098;982.6998721;0;0;0;0;45271.83109;1168.375031;831.5354608;159.3499734;0;30632.9625;4.45190193;146019.0224;0;0;0;0;0;1401.814921;0;8.767817277;7.158824692;0;0;0.624306611;0;0;0;0;0;0;3806.486946;4106.530257;0;0;59741.91784;0;0;0;0;72509.50956;0;3633.984254;2016.087662;0;0;0;0;0;0;0;0;39105.85968;867.3062238;1162.767094;0;564908.5301;0;0;0;199200.4228;7148.967208;1282.663769;0;0;1088.410044;0;0;0;0;40078.1674;0;25.47982256;0;0;0;0;0;21843.45579;0;0;0;0;0;6.9352879;3100.824182;23652.78803;167167.5457;0;0;1.217169138;0;0;50680.40705;0;1.622928119;60448.45245;12448.95555;46562.23157;0;0;6.5112736;150128.1992;0;1905.280669;808687.9925;0;0;1734754.161;67976.07777;19.80787089;0;1101.374552;4.343323747;0;0;25.83666231;0;1112.643792;1993.732235;0;0;0;0;0
1989;0;1218.316369;402.9441673;0.738143167;0;235232.4719;508904.0976;0;0;0;0;0;168.3858207;0;0;599.3518659;132.8568517;253800.6339;0;0;491.7034685;4456.819041;89.97805517;83552.57079;0;0;9309.630857;0.795686196;43745.27248;0;1173616.793;27704.97756;0;0;7.181510159;0;0;0;0;82269.92139;0;421.3289188;0;164.0067649;47274.21125;388.727961;0;3318.073505;0;0;0;0;0;0;0;0;0;1858.634051;0;0;2341.794177;116556.2216;0.01772336;0;22990.48656;831.6631276;0;0;646.4582634;0;0;0;0;93978.63181;1679.343502;240.0206044;51.04595145;0;42333.79329;3.327694316;180540.9183;0;0;0;0;0;7211.721521;0;20.49377862;13.7754331;0;0;9.947853359;0;0;0;0;0;0;12606.03628;9828.344634;0;0;74434.5857;0;0;0;0;82712.24752;0;4102.975571;5110.493065;0;0;0;0;0;0;0;0;27473.99816;4161.279637;7342.758383;0;828766.9601;0;0;0;340203.7546;34515.67421;2174.794845;0;0;1968.007651;0;0;0;0;60367.74923;0;119.2381249;0;0;0;0;0;23321.36996;0;0;0;0;0;0;11608.53284;35506.15208;129545.3395;0;0;1584.085075;0;0;80815.42413;0;0.373227777;95198.12412;3764.424503;55921.90974;0;0;14.27093579;169293.982;0;1833.667374;654629.5376;0;0;1886475.425;56536.11331;182.168387;0;2791.845887;39.4819533;0;0;91.61106858;0;132.4373894;8311.015598;0;0;0;0;0
1990;0;76.81384692;0;0;0;283150.8534;537531.2791;0;0;0;0;0;89.71082786;0;0;1559.414158;612.4378815;259655.3493;0;0;946.5367383;1800.052353;195.7102296;44227.29788;0;0;7165.341995;0.030376343;83081.02504;0;925137.1251;28702.77683;0;0;12.26598775;0;0;0;0;68421.34432;0;403.4638091;0;354.5067954;33678.99781;255.5821563;0;1812.988016;0;0;0;0;0;0;0;0;0;1531.90915;0;0;2976.731494;106731.8116;1.923555516;0;35903.54874;1374.641539;0;0;247.8651425;0;0;0;0;417964.0776;437.184302;4.270357078;1000.480482;0;22655.45803;4.337095643;151764.6495;0;0;0;0;0;38.82031063;0;0.634719353;9.903030125;0;0;6.778184081;0;0;0;0;0;0;10787.53221;1641.169255;0;0;69953.16488;0;0;0;0;91730.5267;0;1509.995022;5694.898135;0;8.662788849;0;0;0;0;0;0;20255.44784;6210.421014;9217.92803;0;598100.1676;0;0;0;329711.341;15811.20452;1642.756129;0;0;0;0;0;0;0;50159.82314;0;3.696350544;0;0;0;0;0;27187.17806;0;0;0;0;0;248.584833;6741.589724;21643.0631;118003.838;0;0;1733.347843;0;0;71207.28055;0;0.108749585;54795.4353;2514.892526;48430.06378;0;0;31.77272114;106827.8996;0;2864.861068;268203.6856;0;0;2060735.275;44116.36604;26.62268195;0;14946.29147;0;0;0;2.633029596;0;0;4141.84791;0;0;0;0;0
1991;0;26.20449217;7.563004424;0;0.021367113;430152.5099;656381.7056;0;0;0;0;0;11.78937385;0;0;10643.86098;760.1637785;243581.3129;0;0;1186.274147;1311.252888;0;44477.24629;0;0;12998.52741;0;55965.33663;0;993850.4195;41914.2394;0;0;22.4044698;0;0;0;0;82029.00888;0;305.4113522;0;563.3691186;12283.80431;140.0594971;0;799.0784206;0;0;0;0;0;0;0;0;0;1025.289893;0;0;3762.725525;122418.0147;0;0;38548.54925;2241.291643;0;0.020640674;937.0710128;0;0;0;0;213809.1555;1457.431727;9266.890686;0;0;25163.47224;0;149867.9356;0;0;0;0;0;3224.061436;0;1.550437721;7.951471996;0;0;25.35085424;0;0;0;0;0;0;9190.838248;6547.994808;0;0;96112.40956;0;0;0;0;42066.20199;0;758.2255423;5125.951373;0;1.029107936;0;0;0;0;0;0;58250.36977;406.700079;4099.345917;0;706787.8828;0;0;0;299659.604;24310.17526;1965.450893;0;0;1701.047068;0;0;0;0;45917.70739;0;3.135192552;0;0;0;0;0;38294.61005;0;0;0;0;0;481.8274063;11122.32874;27796.11885;86147.58432;0;0;32.2666672;0;0;90211.8574;0;0.115201859;49021.72613;3868.314459;50312.47968;0;0;52.91201012;193187.2767;0;5189.878762;315150.7123;0;0;2073671;74348.37164;34.9516212;0;5019.474817;0;0;0;6.530318381;140.137018;0;6060.732075;0;0;0;0;0
1992;0;140.9117202;12.96000473;0.03963661;0.574704716;312277.13;790756.5006;0;0;0;0;0;8.140136986;0;0;2402.369226;595.9759671;183548.4293;0;0;1892.272983;531.6614978;0;52038.93086;0;0;5014.245287;0;50755.10496;0;1315420.058;49982.67126;0;0;19.71648673;0;0;0;11275.11675;144932.384;0;12.97738528;0;338.1763889;14342.79237;174.7173823;0;0.683141565;0;0;0;0;0;0;0;0;0;1706.032726;0;0;8218.747839;100042.8506;0;0;17498.50376;4527.840457;0;91.20256694;187.887859;0;0;0;0;48300.45455;532.9269674;7386.53066;17.63142546;0;18947.20513;0;112435.1656;11306.47714;0;0;0;2083.719742;13240.18638;0;1.006834812;8.91290618;0;0;0.082078352;0;0;0;0;0;0;6939.998444;17106.54882;0;0;105298.7479;0;0;0;0;7475.324351;0;593.1623164;20353.74509;0;122.3419191;0;0;0;0;122.8503663;0;52049.13426;685.1398584;3476.428584;0;728172.2609;0;0;0;303170.2966;9752.681134;6384.115637;0;0;471.3022145;0;0;0;0;19937.04197;0;1.412189463;0;0;0;0;0;31037.21676;0;0;0;0;0;43.27912817;3163.542798;22568.42095;61795.63433;0;16931.81081;300.7328956;0;0;152372.8118;45265.70549;0;95050.20352;2891.695487;60826.26982;0;0;98.75963859;93003.39708;0;12218.61753;0;0;0;2300713.191;62055.99994;108.8989034;176398.8531;5219.795798;104.5593858;0;0;0;165.8286778;0;18130.87102;0;0;0;0;0
1993;0;229.5619529;0.639146273;0;0.041729481;147430.2206;608312.1259;0;0;0;0;0;34.15563033;0;0;5300.22539;510.3881006;73261.39007;0;0;2547.528009;1181.690111;671.5692078;109612.8579;0;0;6912.697832;0;37591.8583;0;1439254.021;6589.234832;0;0;28.51766919;0;0;0;44886.84826;128611.2352;0;16.5076299;0;64.9354112;17516.12466;154.0437553;0;0;0;0;0;0;0;0;0;0;0;2285.075761;0;0;8353.913067;232091.3838;0;0;13098.48101;14206.90104;0;0.107399397;484.5270146;0;0;0;0;275859.9278;1179.461838;14867.99146;0;0;14413.335;0;153786.3538;11317.1478;0;0;0;644.953945;12009.81243;87.15561051;139.0222708;0;0;0;2.049516191;0;0;0;0;0;0;6162.365881;104.9172886;0;0;109545.9462;0;0;0;0;3874.059622;0;26.6221239;9863.582142;0;104.1979362;0;0;0;0;0.042478476;0;945.6711419;805.2669452;7844.82479;0;314722.0579;0;0;0;208464.1307;2302.97835;2991.775046;0;0;1664.574449;0;0;0;0;41448.59654;0;0.172592266;0;0;0;0;0;31465.26451;0;0;0;0;0;0;3065.414999;10732.04035;55479.54364;0;51736.71518;32.62190177;0;0;305048.4547;219394.9948;0.015823209;104620.3628;2176.332771;40304.47525;0;0;152.1667734;133173.7336;0;10785.2265;0;0;0;1901483.141;80124.53036;0;356216.8041;2040.755271;1388.308993;0;0;0;0;9.703882413;3121.495864;0;0;0;0;0
1994;0;271.1167981;0.79861059;0.120541462;56.40670911;293267.8762;537009.2827;0;0;0;0;0;135.8244529;0;0;7000.968154;484.8706039;39329.84953;0;0;918.9976847;3420.644337;2896.846233;97070.42507;0;0;5491.300791;0;31564.91395;0;650754.5233;2186.455764;0;0;95.30001488;0;0;0;20823.07909;199303.8439;0;5.266267832;0;529.8819186;106764.8242;171.9557451;0;0;0;0;0;0;0;0;0;0;0;2370.375826;0;0;18288.69786;286595.1934;0;0;8871.719655;11318.03546;0;20.70132442;200.5369766;0;0;0;0;97370.35702;689.5215483;8623.073262;196.7822247;0;29848.67183;0;134149.5973;46203.44469;0;0;0;13883.42036;2630.278822;1015.625647;38.79745352;0;0;0;14.2310412;0;0;0;0;0;0;7904.268793;3995.411323;0;0;89535.06152;0;0;0;0;24075.5984;0;121.1288836;34934.01952;0;1185.019571;280.8247949;0;0;0;2.531774176;0;1011.140082;2221.544991;10353.83844;0;137186.8395;0;0;0;143983.756;2597.125189;254.0466951;0;0;2328.347497;0;0;0;0;74327.96791;0;2.010771959;0;0;0;0;0;32452.47598;0;0;0;0;0;0;5207.042209;7175.612006;79117.68208;0;103377.1642;116.5983871;0;0;302635.8896;226345.7177;0.050702149;93683.76425;2903.030592;75623.53142;0;0;422.3667773;147163.9949;0;7590.387954;0;0;0;2707885.423;64940.24048;0;714291.3297;4262.418859;419.6485801;0;0;0;23.86725343;713.4799384;13952.91047;0;0;0;0;0
1995;0;2144.70133;9.93622001;0;106.3036372;515299.8304;490720.1691;0;0;0;0;0;169.8599936;0;0;13279.25387;374.6376853;102137.9591;0;0;1903.536651;732.5864833;3187.434222;62220.43032;0;0;10619.29199;0;52472.78224;0;255565.0572;4808.115907;0;0;65.21016272;0;0;0;26340.9118;217868.3244;0;0;0;608.216557;59534.18904;540.6156178;0;0;0;0;0;0;0;0;0;0;0;1382.103131;0;0;5317.396833;406740.8782;0;0;4158.517727;12153.43149;0;0;239.1644558;0;0;0;0;83997.39704;422.5756371;38820.76669;146.7635299;0;24852.39645;0;119557.2669;132562.6373;0;0;0;35186.24464;2486.904906;96.84911713;179.0367487;0;0;0;27.80412211;0;0;0;0;0;0;6130.380086;7567.166313;0;0;112089.7104;0;0;0;0;75613.06679;0;17.16262039;12508.26375;0;2582.10343;0;0;0;0;0.41134677;0;1357.682272;7125.747955;20367.72502;0;168828.8456;0;0;0;205853.6899;7175.079778;316.8143533;0;0;2163.671055;0;0;0;0;34570.13432;0;0.704977429;0;0;0;0;0;15684.82745;0;0;0;0;0;0;4473.023071;8728.016021;70550.70647;0;73635.5969;147.5201615;0;0;161005.1564;168702.0343;0;74858.66853;2439.72773;99698.9881;0;0;958.9557241;92320.15649;0;6029.13355;0;0;0;3035611.008;67982.36359;0;541350.3926;127.4249724;1853.352106;0;0;0;551.9296323;861.4778951;6145.258904;0;0;0;0;0
1996;0;1376.143479;3.29817653;5.94120962;231.2370191;718468.9324;641868.9719;0;0;0;0;0;94.89772341;0;0;23803.25518;454.9024794;26797.21312;0;0;4631.799174;2335.529048;423.4520104;60638.42405;0;0;12196.31437;0;52882.21493;0;498830.1491;7260.966204;0;0;64.46726468;0;0;0;8025.633471;268125.6743;0;0;0;3196.128273;26495.73002;15.97783351;0;0;0;0;0;0;0;0;0;0;0;615.8916685;0;0;5478.134199;365045.1397;0;0;1889.461313;7961.641437;0;0;411.3163742;0;0;0;0;232546.8477;466.3476968;22206.66019;210.2763917;0;30589.69548;0;113286.3948;53443.73977;0;0;0;7748.911523;3837.419386;347.2288017;64.75214806;0;0;0;32.72807914;0;0;0;0;0;0;5495.981907;23655.28603;0;0;138555.424;0;0;0;0;65231.54067;0;28.83245765;24579.22828;0;1687.244923;0;0;0;0;4.076050234;0;4789.128897;3393.376364;40318.58881;0;392066.5893;0;0;0;191510.2484;11485.24333;67.80512786;0;0;2140.239453;0;0;0;0;58365.1179;0;0.094478767;0;0;0;0;0;19946.20612;0;0;0;0;0;99.82545965;7828.362144;18278.57669;74575.31031;0;67406.85599;416.3176405;0;0;125879.5229;100928.2489;0;97035.32231;1925.62957;92837.48051;0;0;402.7929188;170143.1033;0;11264.37366;0;0;0;2344912.7;46828.89722;0;790648.2658;597.8721582;2325.41751;805.6595752;0;0;261.7368637;926.1563213;5303.382524;0;0;0;0;0
1997;0;3241.31856;39.47648498;0;0.083042154;465148.2166;961679.8587;0;0;0;0;0;38.56940189;0;0;28888.59363;191.1621248;12515.19458;0;0;2226.5575;2606.055267;194.625591;84459.27425;0;0;15323.64613;0;75622.17167;0;373621.3969;2426.604099;0;0;1599.76642;0;0;0;27565.92709;293715.1968;0;0;0;1494.617966;40070.67066;0;0;0;0;0;0;0;0;0;0;0;0;253.2863558;0;0;11920.23092;314500.0367;0;0;685.1576734;11150.14252;0;0.012739576;2959.90956;0;0;0;0;324430.2612;418.3314303;77240.97946;54.43209252;0;41508.28356;0;135542.7996;60057.74123;0;0;0;14288.70746;717.8992822;0;43.49248723;0.202280998;0;0;55.81977988;0;0;0;0;0;0;5989.159562;35359.02181;0;0;181609.5233;0;0;0;0;52308.59283;0;229.2607801;20464.07061;0;823.225977;0;0;0;0;19.73389965;0;9093.187544;5334.100818;42438.12383;0;132313.3985;0;0;0;74217.93009;11959.62304;62.44647758;0;0;2675.690821;0;0;0;0;131038.5425;0;1.304716203;0;0;0;0;0;19969.92943;0;0;0;0;0;0;8371.508209;45478.03813;97428.24736;0;55853.97493;9962.324622;0;0;236595.5885;54446.19175;0;121088.2346;1391.830849;82499.45141;0;0;185.2297593;123848.4085;0;14432.29171;0;0;0;2532272.241;62635.54067;0;545312.1048;873.2992691;435.4805342;53.85370131;0;0;1817.002999;172.4848151;49593.08719;0;0;0;0;0
1998;0;5659.625022;0;0.658250103;110.9472688;348725.7227;1196959.152;0;0;0;0;0;56.83403775;0;0;14824.67967;94.69333145;31892.50949;0;0;1216.809274;4562.859709;132.5814484;68945.38833;0;0;20864.82551;0;69262.70015;0;149027.1015;1023.122741;0;0;28.66288846;0;0;0;14040.78786;326772.5179;0;0;0;216.2172215;72626.40331;150.4587693;0;0;0;0;0;0;0;0;0;0;0;957.681397;0;0;17137.90405;269863.9172;0;0;241.5314409;27645.76322;0;0;401.2007024;0;0;0;0;123343.7288;496.4605434;22846.57302;489.7665368;0;38445.72667;0;170150.3499;106166.9368;0;0;0;19565.53467;1584.84161;42.39692189;181.7523017;0.354809262;0;0;3.889562031;0;0;0;0;0;0;10480.64952;19881.51618;0;0;185448.3439;0;0;0;0;38593.36013;0;62.47594924;25653.83429;0;1893.713656;0.709386395;0;0;0;0;0;5081.366209;2167.697048;28145.57768;0;144399.1907;0;0;0;79232.88462;2243.385438;56.88311419;0;0;1661.299973;0;0;0;0;122498.4618;0;0.090094263;0;0;0;0;0;16810.93826;0;0;0;0;0;0;10403.81318;46583.15281;78612.65184;0;64459.96856;20063.09075;0;0;392160.4119;48106.09139;0;75690.65901;1184.012611;159960.5426;0;0;189.0842101;141617.4028;0;8206.068775;0;0;0;2383173.361;108875.2556;0;604786.2874;1393.469192;3405.638458;1910.346708;0;0;8787.411584;0;39201.00907;0;0;0;0;0
1999;0;7025.829144;0;0;0.312225526;629658.8135;1357399.131;0;0;0;0;0;176.0799744;0;0;17019.80641;847.1414112;66061.16529;0;0;1698.54906;3132.155167;0;73784.94194;0;0;11321.39771;0;59676.9515;0;337409.4262;1309.308074;0;0;19.24758702;0;0;0;32904.97754;324914.8734;0;0;0;60.80370914;80449.46495;362.3722639;0;0;0;0;0;0;0;0;0;0;0;430.1975411;0;0;34807.07657;469614.3533;0;0;109.1523722;41080.74451;0;0;434.6620667;0;0;0;0;55943.92617;298.3048459;47510.24788;0;0;35958.16393;0;191585.2005;117535.8642;0;0;0;30636.40524;2613.09577;1885.13968;215.2999231;0.234681642;0;0;88.11945694;0;0;0;0;0;0;15666.99702;7575.903862;0;0;154040.8234;0;0;0;0;31233.38021;0;11.6144948;42693.27678;0;4768.211482;433.1343349;0;0;0;2.656108559;0;1535.281567;4847.473089;23916.12777;0;88819.50334;0;0;0;84956.29839;714.9032878;38.24985548;0;0;1189.240844;0;0;0;0;92603.40115;0;0.156253698;0;0;0;0;0;8880.441481;0;0;0;0;0;0;29044.11417;49692.48783;43315.32594;0;38345.03971;143.4058589;0;0;253348.8052;83988.82339;0;62865.34357;885.8803174;163151.9331;0;0;244.8690024;183288.7551;0;17070.97711;0;0;0;1650867.672;118024.5441;0;516574.9896;451.0864035;4647.144036;9586.5494;0;0;1351.341704;94.81795071;52154.01239;0;0;0;0;0
2000;0;12423.0364;0.081002802;0.831057839;0.199439557;131435.7048;1427373.084;0;0;0;0;0;27.89827008;0;0;10179.70658;435.747208;75429.17202;0;0;2099.083136;1509.893928;107.7690607;64445.42873;0;0;10928.95344;0;64968.51547;0;462645.9727;606.7143642;0;0;6.506269748;0;0;0;13620.928;267025.7374;0;0;0;107.4987064;86966.22994;415.6723719;0;0;0;0;0;0;0;0;0;0;0;16.67176354;0;0;31160.54796;498358.4619;0;0;93.56696255;22944.44411;0;0.03926813;172.7679026;0;0;0;0;59726.58781;251.5077459;15075.50764;1.531830206;0;26850.08399;0;252126.6322;117654.4816;0;0;0;28327.10507;1896.961413;0;88.7710794;0.163852804;0;0;54.48803553;0;0;0;0;0;0;11359.07389;13747.73923;0;0;155586.8377;0;0;0;0;12792.17014;0;12.98095361;36481.59018;0;3499.779697;5.254906255;0;0;0;0;0;918.8791209;4168.501703;16844.15634;0;265965.0927;0;0;0;103397.5688;6357.44357;60.70262978;0;0;3119.663462;0;0;0;0;357447.3321;0;0;0;0;0;0;0;12364.3803;0;0;0;0;0;0;13324.96889;47909.46715;57295.3083;0;69623.81634;3517.920523;0;0;277729.8142;144428.2396;0;49663.07257;699.6931334;122285.7286;0;0;178.4985983;104294.8717;0;28085.44615;0;0;0;2482073.082;109794.8927;0;725569.3497;137.2824663;3613.527663;12456.04827;0;0;5335.287167;1.86903443;33143.54063;0;0;0;0;0
2001;0;6377.397347;3.67590043;0.198600253;0;192352.2462;1696036.855;0;0;0;0;0;197.404552;0;0;2023.470685;452.6121037;256810.9636;0;0;1072.056024;1382.245075;1476.437633;87437.96686;0;0;12067.5213;0;47323.56745;0;215982.3859;784.7194404;0;0;5.717815942;0;0;0;39012.06768;220065.9677;0;0;0;392.7599796;65150.26476;44.02658602;0;0;0;0;0;0;0;0;0;0;0;105.0314336;0;0;16140.53942;447047.2437;0;0;139.3258245;12913.1019;0;0;231.4865412;0;0;0;0;57654.34845;350.3495222;29392.32447;877.7949734;0;15567.62779;0;165898.092;119989.3654;0;0;0;35163.71426;1217.501797;0;291.2345199;0.136769239;0;0;46.66400657;0;0;0;0;0;0;5221.848812;14252.88136;0;0;111651.2994;0;0;0;0;9399.740888;0;12.84952664;29136.70591;0;1070.838478;1.341641057;0;0;0;17.12774809;0;32.09102444;1576.746233;37155.92787;0;235423.965;0;0;0;122444.9948;3491.983756;48.82527591;0;0;1957.007451;0;0;0;0;168969.8654;0;0;0;0;0;0;0;8603.204224;0;0;0;0;0;267.2771469;11176.17935;38235.42445;99239.42862;0;65218.88765;2718.42317;0;0;272348.1317;82893.10307;0;57023.53685;1544.256552;118867.3032;0;0;262.3731293;144936.1531;0;13770.94635;0;0;0;3005337.271;96264.79932;0;635032.1277;10.35315172;3348.871755;10231.26161;0;0;1602.9768;64.39606303;31197.54837;0;0;0;0;0
2002;0;2467.375076;2.691474283;0.629958395;0.318347551;74067.85646;1327001.216;0;0;0;0;0;419.2009364;0;0;2450.342301;54.77180953;295754.1341;0;0;2603.876597;189.6782724;424.8286885;78234.24212;0;0;21507.03393;0;51298.25663;0;346889.2331;279.6280837;0;0;20.8011507;0;0;0;40328.53724;238337.8973;0;0;0;90.93689687;109751.7413;69.91988747;0;0;0;0;0;0;0;0;0;0;0;115.9775144;0;0;6962.729004;461582.1292;0;0;63.37971094;16331.5038;0;0;155.9353295;0;0;0;0;45075.69069;388.8551916;26617.24675;11088.92248;0;12253.1474;0;161914.0348;88199.68711;0;0;0;55524.9596;1758.27176;3.797297326;98.72569922;0.102900937;0;0;101.2331207;0;0;0;0;0;0;5172.131297;19743.56362;0;0;166911.6121;0;0;0;0;5184.827758;0;28.17991917;35963.62892;0;149.8072968;39.55630989;0;0;0;18.25121789;0;122.8195242;997.0522259;35428.83449;0;150573.3909;0;0;0;68422.68433;2528.501461;63.30231973;0;0;5561.43713;0;0;0;0;108170.0233;0;0;0;0;0;0;0;9899.058059;0;0;0;0;0;634.1688186;6107.870262;43680.29808;58483.03279;0;55869.49993;1726.824217;0;0;328651.1594;54331.23683;0;69284.54816;473.8923905;152450.1133;0;0;257.9608275;127675.2731;0;30466.26829;0;0;0;2997456.619;133590.57;0;405679.3578;65.5419247;6649.631479;14860.86475;0;0;4019.423611;5.423641032;50866.89065;0;0;0;0;0
2003;0;6448.682186;0.063522002;0.388634855;0.018216088;19574.8718;689571.1262;0;0;0;0;0;483.512647;0;0;1575.395564;64.08722498;327979.299;0;0;970.7398008;47.2554044;453.5979006;84872.50683;0;0;11969.0976;0;50988.27655;0;252975.8359;1190.118033;0;0;58.44362623;0;0;0;42445.45754;451101.8708;0;0;0;5.969750384;137937.565;13.6746835;0;0;0;0;0;0;0;0;0;0;0;121.0294263;0;0;10597.56113;474267.49;0;0;153.6320174;7265.486339;0;0.013797457;269.0194191;0;0;0;0;141183.5973;450.252985;28215.21363;6093.26082;0;14271.05515;0;158757.554;160924.9847;0;0;0;45166.43977;1844.104716;1.531836026;81.60343787;0.160682293;0;0;130171.167;0;0;0;0;0;0;5739.852439;15637.26808;0;0;193811.5378;0;0;0;0;6895.783486;0;6.612663587;42381.84494;0;1854.258001;6.869139209;0;0;0;6.26577916;0;194.911237;347.8356083;19278.30142;0;142552.455;0;0;0;85381.87596;3728.065507;128.7299267;0;0;1258.345104;0;0;0;0;78467.33853;0;0;0;0;0;0;0;19637.57663;0;0;0;0;0;0;5551.954729;48013.835;69289.14331;0;97427.03526;709.4039311;0;0;189510.9872;43864.77105;0;103741.0985;623.5652196;77143.2092;0;0;283.5424935;199725.9821;0;26367.0928;0;0;0;3619507.646;323394.9481;0;433104.8739;8.076116591;7352.614606;23142.17667;0;0;6601.760492;34.06900661;71917.08176;0;0;0;0;0
2004;0;5540.742268;0.061019202;2.096380447;0;31664.16851;654675.6907;0;0;0;0;0;3207.313881;0;0;3021.581257;222.3419936;589008.6808;0;0;231.609209;33.5610879;21.3694029;95390.01408;0;0;6975.419523;0;46042.61407;0;99195.93386;3433.766602;0;0;48.71920967;0;0;0;78237.79594;191197.5803;0;0;0;52.87059373;74392.9024;241.2039246;0;0;0;0;0;0;0;0;0;0;0;267.8004673;0;0;1267.834453;521462.1302;0;0;169.6803129;2331.034621;0;0.029070154;495.8629769;0;0;0;0;264054.9296;299.5600742;22945.19431;6695.747788;0;24507.0089;0;185663.5268;198210.7751;0;0;0;48901.59335;2247.136696;14.81435046;8.651468299;0.085822892;0;0;174.6059974;0;0;0;0;0;0;5022.459278;25641.20834;0;0;281192.438;0;0;0;0;16421.98701;0;19.58270301;32156.88708;0;5853.488001;0;0;0;0;6.202879205;0;221.6554732;820.0795274;23399.82696;0;147642.2541;0;0;0;146032.1889;4286.395143;156.1273234;0;0;174.4839847;0;0;0;0;189640.7545;0;0;0;0;0;0;0;12363.14343;0;0;0;0;0;0;12055.6823;68032.97695;61478.85252;0;114148.2866;1922.295938;0;0;224863.3974;69411.43228;0;135396.114;556.7927937;133025.2444;0;0;231.0775389;151567.5095;0;44485.8081;0;0;0;4050134.567;356033.1547;0;558004.0672;1.525803141;3442.473259;21694.61846;0;0;9867.985339;0;126773.0161;0;0;0;0;0
2005;0;1247.860777;0.054461872;0.204503964;0;59006.80654;887297.9446;0;0;0;0;0;1392.715519;0;0;2877.786823;94.20422614;603778.3771;0;0;129.2691176;19.22636372;1935.113691;87712.98022;0;0;3817.195127;0;48499.62689;0;122391.6059;4003.112576;0;0;423.9195148;0;0;0;60583.48544;234035.6752;0;0;0;32.13652812;115446.665;198.0202534;0;0;0;0;0;0;0;0;0;0;0;0;0;0;13088.32498;567096.847;0;0;169.6291313;570.8699151;0;0.104467245;712.3077033;0;0;0;0;395380.2754;188.8123009;10737.60736;1739.752417;0;18811.85679;0;162913.4402;202792.2052;0;0;0;49679.60021;1281.788774;19.16978898;8.510180432;0.058757791;0;0;170.6571897;0;0;0;0;0;0;3099.570001;34487.74547;0;0;303234.9665;0;0;0;0;21283.2887;0;7.117404933;38455.48075;0;120.5463318;5.628946325;0;0;0;1.120708452;0;349.2199202;641.6922002;37152.97422;0;190413.862;0;0;0;92621.06376;14015.31965;111.5907804;0;0;0;0;0;0;0;134185.5242;0;0;0;0;0;0;0;8665.531829;0;0;0;0;0;0;4724.617662;67903.38917;45177.54155;0;126045.3076;4316.896404;0;0;218857.1504;79690.63673;0;196570.3093;338.2843661;126340.9936;0;0;217.0878754;133711.0714;0;76422.8935;0;0;0;4561205.586;235484.2091;0;949283.4572;6.504123443;2958.817701;4285.788021;0;0;2205.419354;32.57446522;270013.7611;0;0;0;0;0
2006;0;3054.71074;0.080590541;1.30773709;130.9568173;19409.11025;867678.0918;0;0;0;0;0;2067.66077;0;0;2744.354249;78.82992194;567605.2297;0;0;76.94916798;54.2920624;3551.851864;106878.7497;0;0;7694.420222;0;58653.09111;0;91011.48383;2963.499776;0;0;518.9165927;0;0;0;83952.27053;165598.2341;0;0;0;45.07999081;81063.53292;86.83621716;0;0;0;0;0;0;0;0;0;0;0;49.74745844;0;0;20251.96259;584769.4733;0.246343582;0;274.3227225;299.8565698;0;0.059710451;723.8869594;0;0;0;0;1168984.098;237.8719705;9123.491753;0.198562632;0;20591.7367;0;169505.2985;158708.1191;0;0;0;50516.8763;898.3226698;40.28693565;0.33664692;0;0;0;109.4840429;0;0;0;0;0;0;345.3407873;42474.76455;0;0;238551.383;0;0;0;0;24271.12482;0;6.171251691;52886.98825;0;115.6682673;5.111873961;0;0;0;0.804234639;0;639.8257314;680.2704863;37108.64009;0;173941.9633;0;0;0;78305.23516;20250.83501;72.79777136;0;0;0;0;0;0;0;101726.3038;0;0;0;0;0;0;0;20292.27436;0;0;0;0;0;0;4226.411714;64435.67243;32444.89314;0;124079.5219;930.5319304;0;0;189852.9794;86627.63206;0;153332.7703;306.7694431;44298.56558;0;0;342.3472621;226951.6046;0;36207.39236;0;0;0;4787551.81;227184.0361;0;988469.1222;5.633243292;2431.177931;14893.98682;0;0;5765.273226;0;210791.1636;0;0;0;0;0
2007;0;8192.254858;0.227607342;0.075973237;2.513524355;32833.71206;403616.5692;0;0;0;0;0;2146.045252;0;0;2655.740816;320.6921275;587677.4361;0;0;95.66607268;49.10440479;1193.608781;80157.59187;0;0;16101.81511;0;45419.81324;0;109894.6992;3010.729273;0;0;842.5482366;0;0;0;70559.78705;219269.7961;0;0;0;4.276748405;83594.38265;5.938246628;0;0;0;0;0;0;0;0;0;0;0;302.1742318;0;0;9633.273299;328623.082;0;0;184.9550201;0;0;0.081907945;2131.248187;0;0;0;0;1508399.382;1391.7013;20234.80582;0.182623234;0;14823.81948;0;128080.2404;135530.1221;0;0;0;33180.08403;696.9643984;21.1941409;1.479448017;0.094503543;0;0;141.874431;0;0;0;0;0;0;13057.58819;46262.29069;0;0;145799.3549;0;0;0;0;22639.74932;0;6.090421676;75889.00717;0;56.25028163;0.192825902;0;0;0;0.088425534;0;456.7703286;34.91798151;19516.82434;0;170879.9762;0;0;0;47370.465;4542.394498;59.14497626;0;0;0;0;0;0;0;134230.196;0;0.042203586;0;0;0;0;0;19357.5908;0;0;0;0;0;0;2219.106779;43539.90494;25409.13319;0;105670.8718;541.7127209;0;0;90545.59125;151283.7562;0;86805.44082;332.256599;49451.37685;0;0;178.8334098;283540.9816;0;47862.93112;0;0;0;4575367.077;216355.4304;0;1012111.666;1.981675025;603.7812211;24477.57214;0;0;7757.974266;0;116575.7722;0;0;0;0;0
2008;0;7633.601621;0.578518202;0;3.228959247;17413.72146;265929.1932;0;0;0;0;0;5036.030157;0;0;1512.449761;209.8966691;809969.9202;0;0;83.99476902;42.57373972;1392.034887;48041.64501;0;0;10786.32067;0;22354.76822;0;93119.43209;3034.733613;0;0;892.7462633;0;0;0;29994.38145;149431.7182;0;0;0;0.626742943;76219.35616;14.46302878;0;0;0;0;0;0;0;0;0;0;0;16.91437359;0;0;7279.427717;450062.3522;0;0;1088.670696;1408.387696;0;0.02040494;854.4277889;0;0;0;0;1458399.546;199.0816267;9378.04341;0.395783756;0;9173.336774;0;80017.61236;117881.722;0;0;0;27578.73101;527.1618321;25.99316534;0;0.526195287;0;0;231.2452481;0;0;0;0;0;0;10328.96884;23134.80186;0;0;152559.161;0;0;0;0;28521.71398;0;6.452577133;52935.30313;0;0;1.834664083;0;0;0;0.095778876;0;301.3120971;440.628013;19813.78149;0;146945.3432;0;0;0;21653.81492;2944.120395;8.348660812;0;0;0;0;0;0;0;129952.1595;0;0.289963901;0;0;0;0;0;8799.51475;0;0;0;0;0;0;2358.411415;21412.29388;41816.24967;0;87804.8292;286.8249607;0;0;73222.30687;72545.84822;0;185527.4092;294.7851253;36023.25657;0;0;166.3259182;248456.6852;0;17173.91789;0;0;0;4106307.502;142320.7423;0.497385878;415976.229;0.495271518;241.0253009;14174.59334;0;0;5822.748332;0;59577.77407;0;0;0;0;0
2009;0;11389.22101;2.048510748;0.020810512;0;28947.69127;475570.1599;0;0;0;0;0;3746.354806;0;0;580.7005124;148.920561;891374.805;0;0;88.92108871;42.91962132;1286.12044;52353.11385;0;0;4587.454485;0;17844.66276;0;74085.21747;717.2383356;0;0;300.6476945;0;0;0;33692.00428;135528.311;0;0;0;0.601955642;36498.70098;5.999094378;0;0;0;0;0;0;0;0;0;0;0;0;0;0;2489.218062;455895.2967;0;0;194.4851189;240.7552671;0;0;1734.15993;0;0;0;0;861454.8385;150.3178645;1908.344131;28.34181378;0;11423.97718;0;85935.3988;117172.3922;0;0;0;19775.09893;259.3938799;23.49425903;11.24095399;0.531070114;0;0;115.311164;0;0;0;0;0;0;26.64163769;46676.55637;0;0;57810.35963;0;0;0;0;19809.89127;0;8.724198616;41963.51411;0;0;54.0188493;0;0;0;0.207973175;0;375.5487175;0.477046325;17768.36282;0;217169.0601;0;0;0;16364.84677;2755.993561;0.451467786;0;0;0;0;0;0;0;201052.2236;0;0.870398477;0;0;0;0;0;6908.887448;0;0;0;0;0;0;2750.32751;12956.36151;13068.94744;0;61610.40769;174.8545353;0;0;69667.16803;87795.52547;0;177992.2924;338.1483151;13502.07227;0;0;158.6348742;97471.88302;0;32108.29853;0;0;0;3334320.272;334302.9944;1.451387421;262966.0138;3.378496308;456.5502065;11393.09803;0;0;801.1520543;11.99655763;60470.00509;0;0;0;0;0
2010;0;21292.15145;0.345052664;0;0;84635.98287;700389.7858;0;0;0;0;0;3634.61344;0;0;280.4473827;179.144551;686743.0187;0;0;261.6375515;2347.734258;929.2114342;64019.86301;0;0;9902.222493;0;10784.69835;0;59753.89895;2047.718621;0;0;360.0252862;0;0;0;8843.622282;113680.6077;0;0;0;7.126464962;47484.03981;21.98626937;0;0;0;0;0;0;0;0;0;0;0;56.09919917;0;0;959.4236588;434773.0517;0;0;79.77989578;0;0;0;1834.967541;0;0;0;0;1755965.198;216.0341896;5537.602106;69.26833374;0;11715.93448;0;115367.7829;122576.7774;0;0;0;17359.47246;256.3884565;97.04712268;0;0.715537405;0;0;3276.269013;0;0;0;0;0;0;463.5216027;25565.16677;0;0;57824.60372;0;0;0;0;23056.69027;0;6.499256719;46405.00882;0;0;18.01643243;0;0;0;0.188519439;0;273.7045911;113.2351055;26811.59834;0;221944.2667;0;0;0;12158.60575;818.7965915;0.234364703;0;0;0;0;0;0;0;80648.82856;0;0.698100392;0;0;0;0;0;11660.33066;0;0;0;0;0;0;8378.307264;22446.35802;11742.43088;0;72521.20603;379.2186672;0;0;154210.7655;204339.5501;0;153349.1741;272.3583318;38011.21113;0;0;142.8687303;103738.0536;0;25742.57013;0;0;0;3739967.095;287967.1173;1.35773514;507345.7243;0.788405885;502.8206437;7743.752302;0;0;627.5153133;1.828907589;84316.78753;0;0;0;0;0
2011;0;6874.668224;2.249529943;0.038082031;26.31347325;174902.575;1553735.822;0;0;0;0;0;1577.787875;0;0;443.1551035;43.52407664;857505.823;0;0;134.2555442;14.15116616;217.8064409;59929.71628;0;0;8578.785237;0;15029.43011;0;75082.13961;1592.020069;0;0;567.1152814;0;0;0;15043.4069;63248.02449;0;0;0;30.70180072;76831.63231;47.08956594;0;0;0;0;0;0;0;0;0;0;0;0.484353433;0;0;2613.729634;305254.9027;0;0;340.1579554;0;0;0;1378.483216;0;0;0;0;2009447.452;142.4496275;3840.855185;247.566891;0;8324.454299;0;84112.60415;110433.0389;0;0;0;21218.95325;409.7073032;27.41960942;49.58567056;0.522114382;0;0;75.4394049;0;0;0;0;0;0;606.2624916;27057.23753;0;0;79823.82678;0;0;0;0;59115.28536;0;3.27073399;27250.20329;0;0;3.840180876;0;0;0;0.929649765;0;403.3724703;481.325582;14139.46875;0;296763.2853;0;0;0;7304.456937;2014.227406;0.983129;0;0;23.74081115;0;0;0;0;161809.242;0;0.523311591;0;0;0;0;0;12720.44155;0;0;0;0;0;0;5545.039483;41664.81144;7077.650692;0;40832.33685;334.2958258;0;0;23673.37028;60534.0225;0;81345.64827;224.7980633;46563.743;0;0;132.1909798;334146.5064;0;47630.46158;0;0;0;3868281.432;249783.8616;1.425516291;266179.1185;8.03348345;528.41614;1173.463048;0;0;2205.843851;0;118055.4113;0;0;0;0;0
2012;0;20937.18569;0.549022408;0;24.79045051;150440.1543;2133677.478;0;0;0;0;0;1884.132359;0;0;756.2800929;11.14694282;1329939.736;0;0;59.00289393;26.27275193;37.15651202;80310.45349;0;0;11568.65232;0;22695.98631;0;69099.76773;1242.569569;0;0;385.1591754;0;0;0;23195.41132;116645.52;0;0;0;52.62665369;55113.30191;54.24794023;0;0;0;0;0;0;0;0;0;0;0;0;0;0;5346.986383;516485.1932;0;0;28.99690086;977.5078434;0;0;606.8488648;0;0;0;0;2266991.054;127.1177221;5692.539157;1.061736471;0;11081.55718;0;162509.9336;128974.321;0;0;0;24932.32464;383.550683;6.575682836;0.230522842;0.606967;0;0;103.4647447;0;0;0;0;0;0;646.0759669;43927.2835;0;0;179779.7697;0;0;0;0;76552.08501;0;5.294233853;45852.34636;0;0;2.787190766;0;0;0;0.123183888;0;679.772078;896.919765;35153.00982;0;323114.3202;0;0;0;25352.75261;4107.858001;0.651761859;0;0;87.59986814;0;0;0;0;156430.384;0;1.519937177;0;0;0;0;0;6580.031792;0;0;0;0;0;0;4615.831412;51604.24743;0;0;62079.87128;117.7061675;0;0;14080.404;87118.11839;0;125297.3432;207.8738998;57027.70201;0;0;89.96425858;183010.3019;0;166488.777;0;0;0;3605614.293;271547.0918;1.707617456;355844.8266;2.826567519;814.063389;5723.780167;0;0;1703.575498;5.613736313;240572.5159;0;0;0;0;0
2013;0;40961.84211;0.189258016;0;0.011784521;99558.34463;1979756.833;0;0;0;0;0;1966.947514;0;0;802.224049;373.5705154;857698.3812;0;0;135.4380256;3.038747691;671.9496235;81240.86842;0;0;9784.833491;0;17583.86081;0;50929.56887;1002.383948;0;0;396.191431;0;0;0;20067.05357;139396.1674;0;0;0;20.51539192;40229.87342;19.87825653;0;0;0;0;0;0;0;0;0;0;0;0;0;0;5937.902789;499621.1195;0;0;25.85953199;1299.51259;0;5.819296825;287.8398002;0;0;0;0;2415984.408;148.6061029;11980.43086;0.856600034;0;17327.39522;0;197223.1735;104634.8172;0;0;0;13840.18608;668.5590902;93.43565099;0.043220913;0.769304702;0;0;19.55006807;0;0;0;0;0;0;4012.710937;53357.54897;0;0;123774.3387;0;0;0;0;50757.43483;0;2.657250143;106958.7222;0;0;2.293084221;0;0;0;0.134209442;0;913.2102454;453.6310415;34400.5591;0;213987.4696;0;0;0;18084.50277;1645.089887;4.333684921;0;0;0;0;0;0;0;148176.034;0;12.88064745;0;0;0;0;0;17260.89839;0;0;0;0;0;0;1685.229295;41671.30869;0;0;51430.44205;641.2411284;0;0;43963.25718;179278.3473;0;197494.4286;40.42053974;101083.9645;0;0;53.77183365;157458.1152;0;43504.43731;0;0;0;3656973.923;310033.5111;1.740478701;319625.1409;4.552343684;112.4338396;6078.722989;0;0;585.7443187;221.4632168;166683.7597;0;0;0;0;0
