year,1,2,3,7,9,10,11,14,15,16,18,19,21,23,26,27,28,29,32,33,37,38,39,40,41,44,46,48,49,51,52,53,54,56,57,58,59,60,61,62,66,67,68,72,73,74,75,79,80,81,84,86,87,89,90,91,93,95,97,98,100,101,102,103,104,106,107,108,109,110,113,114,115,116,117,119,120,121,123,126,129,130,131,133,135,137,138,143,144,146,149,150,154,156,157,158,159,165,166,167,168,169,170,171,173,174,175,177,181,182,183,184,185,186,195,197,198,199,201,202,203,206,207,208,209,210,211,212,213,214,215,216,217,220,222,223,226,228,229,230,231,233,234,235,236,237,238,248,250,251,255,272
1986,0,0,0,0,5040038.169,19658.49886,0,0,0,0,0,33025.31923,7497666.938,0,0,0,3360.550892,0,0.062873208,103004.6735,0,190.8689964,0,0,2206829.086,314.5256899,0,11.90615993,0,0,0,0,0,0,0,0,23.11921614,64.34645376,0,0,0,0,1923.544585,0,0,0,0,0,0,0,0,0,0,0,0,0,0,0,2608.351148,0,366337.8427,121.7396743,0,0,0,51839.21044,0,0,0,361.7400535,0,0,0,0,195.9138421,0,0,0,2023.757261,0,0,0,0.545459236,0,0,0,25.23324559,3.156589889,0,0,4474.12093,0,0,1.156042319,0,0,100.6367362,0,0,0,0,677443.7989,0,53.27555734,0,0,0,0,11614.50995,0,0,0,0,0,0,0,0,0,0,302.3160168,399.3889104,0,0,0,0,0,0,0,0,270.1966427,0,3833.740284,0,0,0,28100.26398,0,4012.356132,0,0,25243752.09,0,41295.49729,0,1.356792658,212.0566296,0,770.4423124,0,209.6835339,0,0
1987,0,0,0,0,5132139.04,3101.539539,0,0,0,0,0,60749.02306,11203224.54,0,0,119.8717544,1104.209486,0,0,148817.677,0,29.7954458,0,0,3832102.063,0,0,2.007830843,0,0.62559688,0,0,0,0,0,51.79422247,0,0,0,0,0,0,7064.789506,0,0,0,0,0,0,0,989.6924104,0,0,10.57805628,0,0,0,0,2242.183899,0,303473.2946,2862.027135,1.442951612,0,0,78027.7211,19.74495087,0,0,875.9989795,0,0,0,0,607.0800815,0,0,0,226.2380115,0,0,0,0.835540769,0,0,0,50.0652625,0.042344082,0,0,324.4385317,0,0,0,0,0,0,6.324834711,0,0,0,1468667.857,0,21.35676783,0,0,0,0,29517.28014,0,0,0,0,0,0,0,0,0,0,66.74088593,464.90578,0,0,0,0,0,0,0,0,53.90367848,79.87236867,3982.758958,0,0,0,6346.434845,0,0,0,0,26309824.61,0,37165.6731,0,0,229.6119623,0,6689.414616,161.8067117,0,0,0
1988,0,0,0,0,7069474.148,4681.066501,119.2245016,0,0,0,0,49274.49565,10375732.39,0,0,826.8617155,2483.306887,0,0,156345.6014,0,53.29848762,0,0,3589564.912,1.776782251,0,1.304893591,0,1.722210715,0,111.5807696,0,0,0,0,311.6767109,16.96084965,0,0,0,0,6629.048355,0,0,0,0,0,0,0,1263.502892,0,0,0.948699641,0,0,0,0,8705.001728,0,597263.9312,14039.61372,0,0,0,59592.80352,0,0,0,976.7341156,0,0,6335.17153,11064.13237,1704.478154,0,0,0,0,0,0,0,0.481995683,478.3607734,0,0,7.602860316,0.033547461,0,0,623.5133031,0,0,0,0,0,1046.352544,0.05977914,0,0,0,1196644.872,131.3240082,14.94648391,0,0,0,0,580.8342165,0,0,0,0,0,0,0,0,0,0,35.52337892,1980.762657,0,0,0,0,0,521.1368197,84.50732823,0,179.7359013,286.2211977,4505.28208,0,0,0,3811.759917,498.5257619,0,0,0,24777049.74,0,52798.77674,0,0,49403.77417,0,8637.649882,0,0,0,0
1989,0,0,0,0,5334313.738,3882.321481,282.525477,0,0,0,0,126245.4754,13720987.92,2298.863058,0,1153.795354,765.7347252,0,0,154573.886,0,61.57436121,0,0,2787479.649,221.0519646,0,39.6455148,0,1.44459836,0,0,0,0,0,161.0834618,0,75.62810271,0,0,0,0,6671.067814,0,0,0,0,289.1376192,0,0,3839.488639,0,0,108.6428211,0,0,0,0,3757.753001,0,1111291.417,28200.86758,0,3.251504769,0,72694.65989,0,0,0,805.55391,0,0,11928.8309,0,338.5005844,0,0,0,0,0,0,0,0.304230605,0,0,0,99.88507398,0,0,0,0,0,0,0,162.5401059,0,4618.180056,0,0,0,0,1791515.678,1.450614644,8.232066744,0,0,0,0,0,0,0,0,0,0,0,0,0,0,0,41.21075074,2049.65812,0,0.908128909,0,0,0,977.8518704,0,0,70.63678501,780.8789628,8838.498794,0,0,0,667.4591583,593.6849493,622.1080202,0,0,19565048.8,0,77695.01904,0,7.842749295,33873.45528,0,2495.11569,0,0,0,0
1990,0,0,0,0,7459124.651,1546.546499,147.6678482,0,0,0,0,180819.653,12800558.82,296.19673,0,77.99913414,787.4307431,0,0.621375311,155876.8218,0,234.2350761,0,0,2702530.429,18.80929331,0,1.599067584,0,2.749457287,0,0,0,0,0,2677.446709,6.088772757,30.07196769,0,0,0,0,6022.89356,0,0,13.42125457,0,20,0,0,2704.325032,0,0,28.75120163,0,0,0,0,1649.092823,0,1446648.126,19911.0535,0,5.241138692,0,77393.15748,497.637258,0,0,439.9913007,0,219.4337782,10045.58263,1844.829254,135.9871551,0,0,0,0,0,0,0,0.228280288,7.772600271,0,0,6.245932457,0.59992276,0,0,183.8620339,0,0,0,98.70283784,0,525.4607422,3.541260508,0,0,0,1823412.379,127.8989741,5.506351636,0,0,0,0,4334.655136,0,110.3155821,0,0,0,0,0,0,0,0,120.2439032,3009.156224,0,0,0,0,0,849.8088579,0,0,193.769098,996.2593455,1007.575755,0,0,0,5607.868382,2022.034113,42.29330096,0,0,20011342.09,0,18220.84078,0,0.391476424,45526.4386,0,5114.821297,0,0,0,0
1991,0,0,0,0,10914592.31,1567.495287,156.9282714,0,0,0,0,173732.8607,10594096.55,0,0,686.5374669,852.8199156,0,300.4772442,233785.1507,0,0.166756033,0,0,3111452.518,38.6615119,0,6.703364851,0,11.90512213,0,0,0,0,0,0,0,3.470273181,0,0,0,0,4849.879588,0,0,0,0,552.5771134,0,0,1597.127372,0,0,754.9840209,0,0,0,0,4330.560001,0,1557739.896,23731.79348,0,0,0,107178.1159,0,0,0,695.8156672,0,1624.936009,13455.92422,0,84.44792763,0,1.910273952,0,0,0,0,0,0,0,0,0,122.8218621,7.519603393,0,0,1114.31263,0,0,0,127.3470546,0,24.84405357,0.268748867,0,0,0,1104978.557,0.514883261,8.118979213,0,0,0,0,3609.764804,0,32.50322734,0,0,0,0,0,0,0,0,963.7854504,650.6310336,0,0,0,0,0,1644.53351,0,0,55.97698716,316.7539881,1292.395497,0,0,0,385.1574404,2017.949542,369.5743341,0,0,22523462.8,0,4972.12493,0,26.97692545,135064.6532,0,2755.521189,0,0,0,0
1992,0,0,0,0,10557403.89,983.2070154,2344.645865,0,0,0,0,204288.3456,12693645.63,2278.916917,0,1316.53714,3718.426747,0,0,253419.7899,0,2.933349282,0,0,1584572.861,0,0,1.592046219,0,173.5761543,0,864.397397,0,0,0,21809.76593,236.8792979,1.817790324,0,0,0,0,2023.969397,0,0,0,0,707.1712933,4.236875777,0,561.4936764,0,0,878.5860815,0,0,0,0,2240.619185,6892.134543,1674274.141,18648.15659,1.415428542,0,0,53098.16477,0,0,0,540.5704297,0,342.5452644,4473.835362,0,168.7632377,0,40.99577951,0,0,0,0,0,0,926.2156857,0,0,52.47090766,0,0,0,278.049022,0,0,0,10.03888468,0,0,0.264895646,8.359064197,0,0,1491998.329,1.803003165,10.10192625,0,0,0,0,5685.150586,0,7.037825695,0,2078.665511,1670.109435,0,0,1.106639486,0,0,1707.944113,1383.248888,0,0,0,0,0,1245.738583,0,0,106.4989362,25.5326331,5210.577423,0,0,0,2057.724295,873.4976022,0,0,7259.925938,24933245.83,0,48199.15043,0,16.98416868,13663.15166,0,0,0,5837.524026,0,0
1993,0,0,3.966946395,0,9586270.018,4794.640054,8074.747755,0,0,0,0,224243.8138,14009989.66,0,0,13.37776348,601.657514,5789.287041,11.40282338,364538.9721,0,0.322770737,0,0,785519.9662,60.07627982,0,0,0,0,0,250.0496008,0,0,0,2876.81315,9.907208368,8.09817963,0,0,0,0,3197.058068,0,0,0,0,464.375259,10.37347744,0,910.5552624,0,0,4645.005575,0,0,0,427.1880118,1188.325667,2554.600618,2633848.681,32302.2218,0,0,0,33281.21004,1.614843306,0,0,212.6681992,0,49.68867745,94.39657607,23.96539386,759.2240125,192.7895272,0,0,0,0,0,0,0,0,0,0,238.1669883,0.236262937,0,0,0,0,0,0,702.4184023,0,10.91070054,37.55169361,0.052713449,22.89084753,0,1750408.53,5.813130343,5.504853592,0,0,0,0,77746.04099,0,3735.323016,0,3466.883846,0,0,0,0.876222417,41.92649702,0,269.9092739,60.65844741,0,0,0,0,0,1246.116614,0,0,31.33754424,0,1374.217341,0,0,0,566.4788427,1118.49722,0,0,9002.545544,25467676.63,0,111.7227772,0,5.15032992,1682.56289,0,0,0,5138.740662,0,0
1994,0,0,0,0,10869355.91,2555.603808,5203.220152,0,0,0,0,537184.2948,16916489.01,0,0,20.82298331,2295.031979,42.95662269,0.482266942,543126.3035,0,0.123180693,0,0,2017622.055,12.81552787,0,0,0,0,0,948.8164581,0,0,0,8802.732907,98.78115611,0.58086836,0,0,0,0,5863.20216,0,0,0,0,238.3088337,0,0,1356.350938,0,0,993.4475808,0,0,0,1181.887627,454.8189029,5101.326672,2416026.183,26324.69538,11.28227785,0,0,24631.68045,0.987226591,0,0,228.5412978,0,4.885059981,2999.126961,0,311.2245149,4.921685329,0,0,11350.9646,0,0,0,0,0,0,0,4771.573987,22.19821649,0,288.8413019,209.9567834,0,0,0,135.5091295,0,3068.384215,0,38.10640489,5.557032178,0,1512854.63,8.979148587,33.96893312,0,0,0,0,33741.72913,0,6989.830273,0,40137.2348,0,0,0,0.101216649,15.9165208,0,1242.946889,244.3835756,0,0,0,0,0,3778.489212,4.363225375,0,57.25397992,2.219538863,807.2258366,0,0,0,447.0988724,1671.573014,0,0,980.3412903,22683074.51,0,29519.97923,0,0.332908494,3834.59764,0,0,15.97482176,4134.828845,0,0
1995,0,0,20.04396424,0,10550262.23,1069.593037,2419.566883,0,0,0,0,456887.7316,15086542.39,71.24261974,0,62.89507163,583.9768576,9.979307467,718.7189282,786448.773,0,0.076535241,0,0,1221104.388,26.68761324,0,0,0,0,0,4922.49291,0,0,0,974.7301487,171.9887559,205.2940669,0,0,0,0,8324.766295,0,36.36974169,0,0,293.2809865,0,0,1592.9629,0,0,174.064355,0,0,0,270.9124773,394.0603629,2961.964654,1759549.254,12179.04232,0,0,0,17967.68746,14.42667241,0,0,360.4265337,0,48.25973308,965.4362823,0,515.6177876,3.038190248,0,0,11686.86533,0,0.389097757,0,0,0,0,0,3224.263015,0,0,30.32997445,0.724052214,0,0,0,2474.072994,0,4469.312437,5.032804182,66.67232781,10.12644905,0,2070665.305,12.55204016,22.90969543,0,0,0,0,2204.310393,0,9395.204409,0,22777.32422,0,0,0,0.464407307,1.922723874,0,1453.071034,309.2173086,0,0,0,0,0,1262.763553,0,0,61.49519408,31.92828075,1167.110562,0,0,0,1325.534853,3566.155079,0,0,1599.707782,30308250.23,0,4760.807795,0,2.70292251,30607.05984,0,0,21.84846898,887.4217545,0,0
1996,0,0,0,0,10658266.18,1044.254507,944.3347462,0,0,0,0,644587.9518,15401384.67,5.367182014,0,22.38882882,433.9966703,0,0,662216.5863,0,0.132426251,0,0,287355.7598,34.1088787,0,0,0,0,0,5247.328756,0,0,0,760.983527,36.59376598,156.5570823,0,0,0,0,6703.009326,0,0,0,0,288.2989663,59.88554308,0,464.7871589,0,0,480.4508503,0,0,0,251.866123,341.2593196,955.6509662,2601982.205,7380.203145,0.533027947,0,0,12109.48423,4.321294516,0,0,322.1300247,0,242.3594459,1092.914599,13.61901862,615.0183318,0,0,0,0,0,0,0,0,0,0,0,703.7990045,0,0,0,0,0,0,0,1718.483103,0,89.37420784,109.907639,0.043154468,2.345873652,0,2069048.567,5.190023078,5.125300058,0,0,0,0,14369.10639,0,6214.246982,1.140519372,54212.8737,3638.361986,0,0,0.308378885,2.732798335,0,1888.931261,459.844379,0,0,0.313229268,0,0,2132.936909,0,0,212.7560498,0.316162011,5975.82891,0,0,0,198.6404565,6891.834716,0,0,1105.404979,29573972.73,72.45027885,5494.876379,0,95.43524977,16361.89157,0,0,0,5106.377016,0,0
1997,0,0,0,0,9488197.664,1372.138888,1130.81776,0,0,0,96.89447186,684728.8951,16962101.14,1004.834509,0,68.96283793,32.86729777,0,1.116076193,628772.7847,0,0,0,0,427890.1325,148.3314399,0,0,0,0,968.2075699,507.6729701,0,0,0,117.4295923,28.04085341,50.79176606,0,0,0,0,9587.891047,0,0,0,0,372.6998156,141.3655881,0,604.0787091,0,0,311.4660949,0,0,0,130.2383537,391.9261072,5604.881607,2602633.609,2811.384367,11.10713856,0,0,28223.95904,66.22989377,0,0,411.9949533,0,341.9507892,6170.221033,399.4821419,285.4767765,44.09838031,0,0,10.31420797,0,0,0,0,1.028609113,0,0,188.7676235,1.220297481,0,0,99.15044879,0,0,0,1685.909798,0,0,1.037654846,0.014658925,3.071542811,0,2613176.706,1016.797125,1.803594789,0,0,0,0,2693.285694,0,5234.239217,0,40089.05958,31088.62509,0,0,0.103416856,2.773812044,0,7175.470953,646.3353916,0,0,0.650585737,0,0,1011.037956,18.3256289,0,15.88964682,62.47819376,2166.000517,0,0,0,209.7783587,266.3148039,0,0,1198.043545,33899780.13,0,23024.36999,0,11.58138716,3243.026121,0,0,0,22216.7158,0,0
1998,0,0,0,0,14038488.02,1665.805838,1852.1118,0,0,0,2.877777778,756392.7748,18134085.04,2282.349651,0,2340.626858,3807.418617,0,0.904600156,945183.3671,0,0,0,0,235963.7476,175.0731538,0,0,0,0,0,0,0,0,0,332.3266636,71.54027077,252.6389263,0,0,0,0,11449.44487,0,0,0,0,340.9530952,202.2674903,0,650.2350742,0,0,151.3890332,0,0,0,189.7262244,826.3909318,9989.965398,2875596.893,7789.371004,10.86261317,0,0,29532.1287,180.325018,70.50847942,0,424.3467095,0,50.06691509,0,14.59746754,5119.323318,0,0,0,752.092191,0,0,0,0,170.432585,0,0,397.6583431,6.179908584,0,11.8031415,183.800988,0,0,0,2222.880426,0,11849.42906,0,0.040725889,5.781510042,0,2845682.467,0.183222764,6.858689072,0,0,0,0,10882.2483,0,34968.9783,13.78134638,52538.43685,10265.27669,0,0,0.210077898,49.27760212,0,8523.523566,861.3721315,0,0,0,0,0,1310.586164,624.4137118,0,17.73322138,25.29240484,4561.254123,0,0,0,1337.322269,48.03705707,0,0,6136.056804,32040116.16,0,8987.188054,0,4.791482964,2565.048385,0,0,0,1404.435634,0,0
1999,0,0,0,0,35536233.83,29276.14237,2765.75149,0,0,0,0,1040504.921,19157255.7,20910.38492,0,1423.371901,5081.519312,0,1.187666985,812079.9244,0,0,0,0,307428.2575,432.4416636,0,0,0,0,0,0,0,0,0,8857.574999,340.9090902,265.0621903,0,0,0,0,10629.71141,0,0.545761498,0,0,300.4069684,436.7606067,0,838.0779608,0,0,278.4428603,0,0,0,9.234043255,1251.904455,9814.102503,2625654.595,18322.52738,424.6449992,0,0,31153.37542,78.94132813,226.9186255,0,462.4616674,13.47322605,550.3885686,4528.316947,0,955.0830384,0,0,0,7981.156342,0,15.53113842,0,0,0,0,0,1954.155341,1.560821665,0,104.2811884,75.50850241,0,0,0,3889.322604,0,13.30323359,0,0,2.19473018,0,3254912.564,92.56772724,6.525614136,0,0,0,0,23553.40898,0,51592.49865,51.08481283,5575.875923,12401.25444,0,0,5.13190033,291.4346768,0,14487.68582,629.1197568,0,0,0,0,0,1450.076419,89.82755152,0,1.441116234,40.87166995,2673.278203,0,0,0,2616.554455,764.7781012,0,0,37794.0195,33021339.99,148.5009858,7106.548016,0,64.44929927,2645.845178,49.52543281,0,0,8285.117703,0,0
2000,0,0,564.8709653,14.21671269,18678790.25,22650.75888,2889.473846,0,0,0,0,813336.4365,21301913.51,4004.083256,0,1752.499244,4334.019833,0,0,999666.214,0,0.011515058,0,0,316720.1931,1457.303008,0,0,0,0,1.942336874,2.81350402,0,0,0,37357.29861,0.324067088,42.92422665,0,0,0,0,5065.852389,0,0,0.215790339,0,315.0180392,203.8227633,0,636.5753322,0,0,303.7733102,0,0,0,99.13452194,1244.319484,3363.832562,2610518.517,2852.336405,485.6748218,0,0,59231.1777,288.250889,25.51807912,0,893.6866824,101.4076832,128.2595874,102.383962,83.74287176,245.8820523,0,1.909676358,0,7297.435372,0,0.013382073,0,0,12.83832885,0,0,626.0111687,1.486880001,0,5389.072013,71.37943852,0,0,0,321.3156385,0,1475.897794,100.8508202,10.42897139,7.23171911,0,2829478.639,126.9439721,13.15528439,0,0,0,0,73579.41069,0,21529.31784,0,22116.87627,60818.81149,0,0,1.634805579,128.3676304,0,12753.26099,443.8501776,0,0,0,0,0,660.0484244,0.044801419,0,1.573214926,152.3456572,4098.1929,0,0,0,405.376148,1253.673922,0,0,6754.790749,34874316.01,144.2579841,1524.121136,0,84.16901227,1519.699045,56.62955624,0,0,12458.36652,0,0
2001,0,0,0,0,23348187.03,13741.60039,1978.765728,0,0,0,0,778546.2037,28759161.92,0,0,79.6970015,3039.180174,0,17.58126844,554251.4997,0,0.08256545,0,0,359660.3053,2804.918186,0,0,0,0,23.54205334,838.9546074,0,0,0,13574.21408,14.46805316,41.66583718,0,0,0,0,9406.681082,0,1.571852048,0,0,479.8631588,514.7311896,0,517.9563643,0,0,244.3141373,0,0,0,7.496670548,1035.824113,11001.09194,1924648.336,8193.532903,978.0489474,0,0,58563.50913,108.7860747,13.9324808,0,836.8365425,80.13876269,343.149178,0.874077855,36.62280056,386.0688741,0,0,0,0,0,0.013815664,0,0,0,0,0,310.0576346,0.35497964,0,1525.676243,3046.985393,0,1.104486393,0,93.76858416,0,1594.085299,45.07009756,1.304418808,45.2598082,0,4136435.858,125.0218343,3.75609528,0,0,0,0,23285.0949,0,8889.382899,0,10079.35551,7514.803069,0,0,5.945881216,151.6861637,0,8754.533402,367.4953056,0,19.42274247,0,0,0,112.3130819,84.32942501,0,1.528794455,39.56048716,5025.254844,0,0,0,1493.229005,2504.594953,0,0,4289.895771,37723538.81,314.7178144,3760.598439,0,65.28811689,888.8319844,0,0,79.85317104,16.29672012,0,0
2002,0,0,0.883915073,1.781359811,24882639.58,4137.450782,4706.204832,0,0,0,0,790646.2448,30043069.34,1672.950237,0,208.0708854,2022.667563,0,19.95465571,492834.8343,0,0.074848082,0,0,826923.5548,963.3028205,0,0,0,0,0,632.0889781,0,0,0,14202.39197,158.6263244,58.04575556,0,0,0,0,9211.108809,0,0,41.17288559,0,308.3844814,304.8583269,0,571.2112677,0,0,601.9000803,0,0,0,2.122173638,1021.318856,22895.98511,1798199.069,2796.89976,2281.131014,0,0,40561.16365,23.32484486,103.8154968,0,926.8327699,79.22859334,474.0852534,0,278.9475876,426.6705943,0,42.9345523,0,0,0,0,0,0,1181.332974,0,0,90.58596124,5.18388943,0,6122.169506,60.75567172,0,0,0,70.18122711,0,338.0008513,48.38542593,0.054561179,29.25041761,0,3170818.5,66.77207264,3.234347199,0,0,0,0,8003.726178,0,9675.974058,0,16596.74021,5550.937631,0,0,4.581029277,125.0833312,0,9641.576195,80.37584672,0,1.581464576,0,0,0,1775.570176,28.73976722,0,1.761849195,26.13962353,3288.032049,0,0,0,1070.145051,1179.754984,0,0,11532.22694,36960075.4,1149.402886,84834.77316,0,29.19530381,911.2005459,1787.169401,0,24.96276673,2004.016117,0,0
2003,0,0,321.3588853,1.935379928,29820169.72,762.4252246,4318.167615,0,0,0,0,1039935.463,35100615.98,360.8290326,0,0.148493987,3262.388951,0,153.0618793,605270.7123,0,0.914986272,0,0,430316.3409,1137.141453,0,0,0,0,0,435.876803,0,0,0,14500.12852,432.3391204,11.92583889,0,0,0,0,5232.415315,0,31.26187609,0,0,0,2119.313623,0,601.854847,0,0,558.1187278,0,0,0,12.6757263,406.4431619,11083.65385,1871992.478,6071.289249,1526.478433,0.460138574,0,25338.89865,0.091346287,2189.270802,0,1973.312975,0,542.3635393,0,2.241742755,358.1428266,0,12.48858957,0,0,0,0,2263.100568,0,22.545962,0,0,659.9072189,4.210900985,0,11973.63465,80.15745612,0,0,0,133.4249025,0,25.44509161,0.060768545,5.10538523,42.00173495,0,5413710.7,89.78201262,0.499189574,0.167755793,0,0,0,3435.973285,0,30255.60053,0,9944.364854,16829.49128,0,0,0.71146103,152.012888,0,7225.116797,39.89408262,0,0.057476467,0,0,0,3935.990439,36.93284702,0,2.817437104,212.7476858,2054.789125,0,0,0,2843.038998,2515.878738,0,0,31452.50917,36703031.29,1.502808252,80726.08672,0,35.7359747,668.0025963,1.944026833,0,5052.398982,1076.695984,0,0
2004,0,0,8.05721365,0,29882861.61,5357.830235,15443.76826,0,0,0,0,1334848.667,34798216.84,833.0833583,0,1.44688955,3819.078657,0,0,636544.2283,0,0.164537376,0,0,441051.2762,435.3954588,0,0,0,0,0.060156085,2956.785488,0,0,0,16392.24254,1230.638437,44.46328297,0,0,0,0,3204.609287,0,0,0,0,0,751.3028465,0,496.7971425,0,0,721.3540551,0,0,0,55.52994835,4323.115364,6294.819805,2995344.43,7437.129676,963.3483881,0.364334539,0,26433.46066,0.299919173,2802.56057,0,600.1431403,5.015717275,1201.967972,433.7388902,0.866332944,447.8703404,0,18.71234149,0,0,0,0,44.63037597,0,0,0,0,166.1298851,1.37877518,0,5932.95725,0,0,1.176144375,0,284.4766149,0,633.65952,19.2388646,0,170.7079188,0,5645869.489,19.4531527,5.937417605,0.115128501,0,0,0,403.0696285,0,40235.98362,0,2549.094539,19769.36434,0,0,2.862478967,81.02939149,0,6320.747702,21.83594336,0,0.051378927,0,0,0,10862.71202,351.9226783,0,2.095762007,87.24385051,1935.297454,26.19979001,0,0,802.2117653,495.7719489,0,0,115361.764,31186726.99,6164.324928,208313.0073,0,0.280872119,836.5009517,7.972195739,0,21.01152193,396.905565,0,0
2005,0,0,0,0,34125148.89,3850.247934,7906.625921,0,0,316.4343334,0,1187444.854,37793919.71,859.4949189,0,0.88623863,3107.349854,0,4.602459251,1129823.477,0,0.700660024,0,0,369103.5906,185.8331233,0,0,0,0,0,1370.709668,0,0,0,524.1018573,1609.689596,12.11232294,0,0,0,0,5384.128583,0,759.5593944,0,0,0,960.865664,0,902.7282895,0,0,553.7841054,0,0,0,11.57649467,4867.891991,12525.20383,2335456.784,2803.344783,1190.542027,0,0,34482.9235,0,2856.157665,0,863.7783891,31.52952885,1044.216695,27656.72,60.40371424,528.802334,0,53.29487301,0,0,0,0,7691.14012,0,0,0,0,812.5613304,3.142523558,0,18039.62254,176.1205272,0,0.20369768,0,110.7199612,0,183.6686455,0.156316892,20.99218192,329.987209,0,6250747.682,3.007267263,3.639668018,2.744626627,0,0,0,170.4565638,0,66809.28236,0,6125.653084,23888.22729,0,0,135.6263468,220.0238481,0,7434.955657,198.2297826,0,0.013971089,0,0,0,8605.742121,163.2589459,0,1.319648035,580.3371861,1521.248496,1023.690247,0,0,379.2119538,89.18056382,0,0,177626.2424,34761878.48,3.27477526,171421.5314,0,1.103362175,627.7618225,59.60333204,0,19.06417122,3793.406771,0,0
2006,0,0,236.0768771,0,36183163.83,2484.945165,10804.02297,0,0,384.2750238,0,1152329.301,39690517.62,94.06314582,0,4.205325046,2780.644933,0,0.234772665,949711.7212,0,2.490113338,0,0,287604.7281,397.5275611,0,0,0,0,0,551.0047633,0,0,0,196.3089622,371.0115264,24.86314188,0,0,0,0,4951.98855,0,746.7648334,0,0,237.5449832,2527.168984,0,1034.35135,0,0,521.7531207,0,0,0,0.707682824,5544.020363,18008.82846,4163718.875,2729.914635,78.00155534,0,0,41933.81444,0.256016058,9228.000041,0,807.7318744,6.851672605,1078.360699,18161.63598,3.238125466,680.4700597,0,182.9576701,0,0,0,0.061863938,2516.686674,0,66.74750527,0,0,79.20367335,1.158748929,0,51592.81641,391.6353221,0,1.315553787,0,30.87732881,0,373.0508797,0.012758225,21.8690377,272.7862224,0,5540720.088,62.87616599,1.415640957,3.826552726,0,0,0,58.40035868,0,87040.95995,0,4560.676627,0,0,0,209.9066506,3344.022692,0,12546.97214,71.37097519,0,0,0,0,0,1673.174212,106.3102451,0,1.622868507,201.6836942,1240.916058,2.707053595,0,0,496.6334033,1121.341589,0,0,273903.3816,34830478.32,34.50842877,494803.6908,0,1.890523912,226.9512969,296.7690629,0,2.627578324,29767.40596,0,14478.12671
2007,0,0,0.311962778,0,41550726.33,720.2432896,5919.767463,0,0,115.0831992,0,1184212.381,39185982.36,2674.233572,0,7.598330977,206.9749706,0,0,1292093.473,0,2.142937721,0,0,360386.417,672.3226591,0,0,0,0,0,735.5066582,0,0,0,420.2608887,345.1056122,8.111200581,0,0,0,0,2132.008438,0,111.3000267,0,0,211.8785042,544.8809405,0,514.4482103,0,0,786.377798,0,0,0,2.261191578,2832.016288,4024.867958,4448893.363,3321.47345,495.4310959,0,0,38431.19111,0.228091804,7710.940437,0,796.2195319,1.009226554,605.4492368,21770.72823,114.4444704,258.6855621,0,183.6982081,0,0,0,0.332177226,9460.744693,0,22.32104322,0,0,775.141569,12.33055408,0,31947.70703,0,0,0.585803259,0,19.94180488,0,67.79580054,0.045468305,1.157625441,165.9134755,0,7025777.875,36.80634186,0.912694712,11.28438015,0,0,0,1189.279316,0,54874.7645,0.409978887,16610.88542,0,0,0,177.2445927,142.9846593,0,6312.734772,48.97449393,0,0.051874764,0,0,0,1409.283915,86.99960199,0,1.202017358,227.554223,810.8834927,3694.155821,0,0,328.1223379,4563.176181,0,0,400280.0002,38779763.86,250.9301084,1430532.96,0,99.45840547,1114.466931,509.7053721,0,0,8547.528557,0,40953.79596
2008,0,0,0,0,39141839.48,591.1515946,9169.540871,0,0,1.548552836,0,1124676.286,39819873.14,2.937503917,0,3.81579562,1578.903976,0,75.95627825,1181399.846,0,1.242551397,0,0,300363.4886,386.6588328,0,0,0,0,0.010733466,1848.871339,0,0,0,598.6286248,248.7085433,14.38001241,0,0,0,0,1858.441281,0,105.4018067,0,0,237.3395014,1417.573382,0,357.9198979,0,0,3691.466586,0,0,0,1.209752375,5349.536231,3768.155928,5151539.474,1333.253624,394.2407074,0,0,34602.89245,0,16466.13168,0,916.7273541,0.103203887,206.7160383,13045.02249,73.5004588,1590.494379,0,72.18741979,0,0,0,0,399.1115705,0,0,0,0,372.6901803,12.08852286,0,39377.72428,8.765570453,0,0.118944117,0,24.43423908,0,28.37335838,0.036163968,3.879625748,100.088695,0,8387107.807,19.04766812,6.824507647,2.677279425,0,0,0,28310.10887,0,20244.74415,8.106222981,32803.31678,0,0,0,44.76488829,104.2873705,0,11266.38971,60.67157698,0,0,0,0,0,873.8257226,46.56445788,0,1.322270698,287.7897253,720.1724014,374.1200356,0,0,373.0680169,5187.687385,0,0,229408.992,41051801.19,0,694179.4111,0,3.485010157,249.7852,2509.276036,0,29.30036322,346.9441464,0,39995.82323
2009,0,0,0,0,30934437.9,1898.114354,9973.454006,0,0,0,0,1057064.42,44100338.39,0,0,12.66704291,516.4371442,3.64918416,112.0413311,1494387.322,0,1.512074669,0,0,380306.0256,272.2154105,0,0,0,0,0,3165.4452,0,0,0,3012.883146,1076.384963,2.556276376,0,0,0,0,3819.436706,0,553.9979725,1.43358104,0,239.0801514,699.23644,0,409.7650164,0,0,2011.607069,0,0,0,1.015958823,9817.514197,16990.64628,3412293.29,944.6404905,42.41035398,0.012094515,0,52969.68958,0.042545806,11600.76714,0,745.595618,0,84.94602217,49501.47813,370.5309679,5881.406043,0,90.46212058,0,0,0,0,239.2433572,0,0,0,0,200.4491286,14.28521653,0,24341.75655,1.793688031,0,0.012567647,0,26.92749701,0,71.94849247,0.069991781,0,184.6165407,0,3878780.495,74.43681254,1.452835789,8.985586843,0,0,0,3796.021283,0,19177.81998,0,73369.74266,0,0,0,88.52515688,173.4117924,0,64925.97673,216.615032,0,0.057138641,0.025755965,0,0,1028.847566,112.6893042,0,2.071378055,66.66453061,548.0576386,285.0835649,0,0,193.7286395,11020.64863,0,0,357257.5377,46059915.47,687.8449153,1696245.733,0,2.159499296,186.3944884,717.8105746,0,323.3215612,9673.093785,0,36958.8041
2010,0,0,0,0,41405281.91,1842.172819,27057.4034,0,0,0,15.41217351,1187085.423,45156543.39,44.83526223,0,67.35119446,281.05871,0,118.8199054,2126774.199,0,7.429463865,0,0,271994.7606,194.8337552,0,0,0,0,0,14650.29374,0,0,0,1081.969707,265.7591186,1.171692072,0,0,0,0,9869.39199,0,1344.904454,0,0,482.7663606,533.8476775,0,461.9528475,0,0,783.4356912,0,0,0,4.154301959,11826.61948,21203.12278,3978947.343,1619.183226,423.8136918,0,0,57593.0431,0.038021703,4694.27786,0,782.854535,0,47.29949939,50194.79402,52.20738915,2213.356363,0,0.940396457,0,0,0,0,9933.305237,0,0,0,0,360.6601004,13.05103373,0,37804.2973,543.668323,0,0,0,309.8923936,0,53.68827531,0.041536908,0.236309719,359.4433706,0,5186516.711,64.17334734,2.449965007,7.449002555,0,0,0,374.4862085,0,38548.65831,0,98315.93925,0,0,0,147.4457118,190.3556479,0,55819.14183,175.3427339,0,0.03661964,0,0,0,12476.01509,231.2135282,0,1.986006688,175.0862643,1294.947476,1563.027076,0,0,478.0545659,19671.33465,0,0,346766.0938,51667410.71,173.4219913,3227618.478,0,224.2242067,1395.963087,572.8030544,0,290.2131882,27182.82839,0,84641.4029
2011,0,0,0.396936822,0,39988326.21,637.5627267,16998.19111,0,0,0,0,1260482.05,46602837.1,13.56896955,0,40.28414333,98.4714345,18.98738095,0.285467782,2319583.115,0,3.7842276,0,0,157030.5844,503.2590862,0,0,0,0,0,1386.819728,0,0,0,631.4243111,626.6741727,3.716609764,0,0,0,0,5990.743685,0,157.6918129,0,0,781.0522443,1609.758846,0,129.222824,0,0,1131.067912,0,0,0,0.1176203,11638.92351,29153.79435,5349356.944,4374.041777,16.22928673,0,0,55809.30162,1.888388743,29597.02705,0,747.8592728,0,60.55922119,9944.53627,32.91708828,3102.360851,0,198.020376,0,0,0,0,4916.606373,0,92.45002466,0,0,501.7793818,8.358876489,0,86705.47174,62.44230153,0,0.548603145,0,932.4197676,0,22.87066067,0.229320617,0.757076205,398.2141829,0,5911838.776,1.109628944,0.946950558,9.575086126,0,0,0,61.96016423,0,48335.70799,11.42113105,103611.5894,0,0,0,179.0785309,1263.583766,0,38894.79735,219.7060326,0,2.426242148,0,0,0,2094.870498,31.58619364,0,1.148320915,36.01571217,1840.274152,1068.939044,0,0,1229.382501,48598.56586,0,0,1168708.312,46355971.05,353.6925391,3958803.69,0,0,3440.414345,1017.002954,0,223.4461153,4199.0454,0,110387.2599
2012,0,0,0,0,34445535.76,3518.403251,20268.15143,0,0,0,3.912772129,1775071.876,51043017.68,91.11094574,0,9.320470942,161.323939,3.148223224,13.24881825,2608466.086,0,16.79788441,0,0,284114.4831,535.8740408,0,0,0,0,0,1752.779621,0,0,0,58.08564952,442.6956784,4.904725706,0,0,0,0,5013.416743,0,321.6273144,0,0,1222.713877,851.3786122,0,154.2266022,0,0,1176.440543,0,0,0,1.837702593,11286.74042,18217.79662,4249799.228,3143.226231,25.53699934,0,0,36323.79078,27.43729124,76345.05668,0,728.719557,0,111.4771625,18161.56074,22.13910393,2553.313195,0,0,0,0,0,0,2339.989767,0,0,0,0,853.4904956,10.67856174,0,66363.66543,6.921026688,0,1.210529967,0,1322.485479,0,24.3673143,0.037211943,2.866837399,799.9455287,0,4142161.664,86.94770083,1.663431489,51.23465518,0,0,0,278.4938246,0,34714.81255,18.2682492,203002.2669,0,0,0,232.8440711,2144.387888,0,102564.1812,270.2426697,0,0,0,0,0,1932.103799,0.582364055,0,2.781377285,420.3920738,3695.749852,1968.731751,0,0,1327.561537,18127.27643,0,0,1577362.774,50602629.84,13.97853991,3873538.822,0,4.70090464,5156.243605,4050.349303,0,261.3063324,6716.533279,0,96323.86468
2013,0,0,1.104891057,0,34891689.34,2264.584617,13015.63583,0,0,0,0,2374116.487,56941672.22,801.1311387,0,34.69341383,181.9079392,0,11.22480952,3180539.489,0,50.11506159,0,0,222061.4546,170.162361,0,0,0,0,0,8517.946727,0,0,0,31.07547919,469.6331273,47.8750455,0,0,0,0,4457.377584,0,260.1159427,0,0,2997.168444,1197.496607,0,112.7953141,0,0,1348.971542,0,0,0,8.667995313,13421.04736,24900.17676,4699035.103,9620.8589,3.738938091,0,0,64634.53668,7.058719463,63289.47795,0,720.3856078,0,91.70489105,11865.31474,15.55924827,5416.451977,0,0,0,0,0,0.069292769,8387.568703,0,45.92556006,0,0,770.0368222,41.26188926,0,14908.78583,11.62683513,0,0.682668288,0,363.4296744,0,115.5841187,0.327248699,0,469.2076673,0,6919705.021,1.332463373,15.45826861,0,0,0,0,360.8103974,0,38107.4686,5.866898889,231077.8301,0,0,0,270.642557,2275.142441,0,54267.01922,269.625424,0,0.01179706,0,0,0,829.4426111,0.02751938,0,19.18580082,2637.095463,506.9174259,9709.355223,0,0,2244.647312,16652.43703,0,0,1496908.918,46299914.65,104.642669,4951974.54,0,9.561981503,2966.779025,30754.50395,0,0.674899866,35689.82502,0,54519.8423
