Commodity,Exporter,Destination,Tons,Year
RUBBER,16,4,0.024065657,2013
RUBBER,16,9,0.75392641,2013
RUBBER,16,10,0.146942713,2013
RUBBER,16,11,0.208024044,2013
RUBBER,16,19,0.024574416,2013
RUBBER,16,21,4.450198939,2013
RUBBER,16,27,0.267983977,2013
RUBBER,16,33,0.840268125,2013
RUBBER,16,38,33.42119593,2013
RUBBER,16,40,0.040720669,2013
RUBBER,16,41,207.3507803,2013
RUBBER,16,44,0.031629524,2013
RUBBER,16,48,0.192878807,2013
RUBBER,16,54,0.014409384,2013
RUBBER,16,56,0.041908501,2013
RUBBER,16,57,0.29332812,2013
RUBBER,16,58,0.024561556,2013
RUBBER,16,59,1.435458019,2013
RUBBER,16,67,0.79811241,2013
RUBBER,16,68,2.31206219,2013
RUBBER,16,79,8.290877338,2013
RUBBER,16,84,0.041898376,2013
RUBBER,16,89,0.035115596,2013
RUBBER,16,95,0.048960998,2013
RUBBER,16,96,0.018710695,2013
RUBBER,16,97,1.002584736,2013
RUBBER,16,98,0.026441614,2013
RUBBER,16,100,501.7719386,2013
RUBBER,16,101,0.224363124,2013
RUBBER,16,102,7.525095295,2013
RUBBER,16,103,0.039614945,2013
RUBBER,16,105,0.101170138,2013
RUBBER,16,106,2.137378483,2013
RUBBER,16,110,1.647788826,2013
RUBBER,16,112,0.087935478,2013
RUBBER,16,114,0.089342244,2013
RUBBER,16,116,0.17488505,2013
RUBBER,16,117,3.696736736,2013
RUBBER,16,118,2.584319247,2013
RUBBER,16,119,0.031593881,2013
RUBBER,16,126,0.174147664,2013
RUBBER,16,131,123.6343669,2013
RUBBER,16,134,0.088173715,2013
RUBBER,16,138,1.710387403,2013
RUBBER,16,143,0.025204317,2013
RUBBER,16,149,0.117998055,2013
RUBBER,16,150,0.32008668,2013
RUBBER,16,154,0.054606103,2013
RUBBER,16,156,0.122653889,2013
RUBBER,16,159,0.011608368,2013
RUBBER,16,162,0.012039212,2013
RUBBER,16,165,23.24672075,2013
RUBBER,16,167,2.991182236,2013
RUBBER,16,170,0.12806186,2013
RUBBER,16,171,0.010124355,2013
RUBBER,16,173,1.449011508,2013
RUBBER,16,174,1.857980169,2013
RUBBER,16,179,0.121056241,2013
RUBBER,16,181,0.033491522,2013
RUBBER,16,183,0.511165168,2013
RUBBER,16,185,1.852535413,2013
RUBBER,16,198,0.07324451,2013
RUBBER,16,199,1.820076526,2013
RUBBER,16,200,0.063043109,2013
RUBBER,16,201,0.073695487,2013
RUBBER,16,202,1.312208341,2013
RUBBER,16,203,0.703321513,2013
RUBBER,16,210,0.269081416,2013
RUBBER,16,211,0.026593498,2013
RUBBER,16,214,1.574679052,2013
RUBBER,16,216,0.066589347,2013
RUBBER,16,222,0.481135112,2013
RUBBER,16,223,53.35309386,2013
RUBBER,16,225,0.461701568,2013
RUBBER,16,229,0.861213324,2013
RUBBER,16,230,0.137770201,2013
RUBBER,16,231,5.11987025,2013
RUBBER,16,234,0.260296175,2013
RUBBER,16,236,0.159386806,2013
RUBBER,16,237,0.477471435,2013
RUBBER,16,238,0.352019478,2013
RUBBER,16,256,0.986426197,2013
RUBBER,16,272,0.583970936,2013
RUBBER,16,273,0.032107568,2013
RUBBER,21,9,57.40636782,2013
RUBBER,21,10,0.012435575,2013
RUBBER,21,19,57.15652475,2013
RUBBER,21,33,0.318968336,2013
RUBBER,21,38,0.010341173,2013
RUBBER,21,40,2.841685869,2013
RUBBER,21,41,0.156513578,2013
RUBBER,21,44,29.72772161,2013
RUBBER,21,48,0.073963789,2013
RUBBER,21,58,8.625791827,2013
RUBBER,21,59,3.60086542,2013
RUBBER,21,60,0.011035229,2013
RUBBER,21,67,0.015663191,2013
RUBBER,21,68,0.017385103,2013
RUBBER,21,79,0.072162008,2013
RUBBER,21,89,0.399241047,2013
RUBBER,21,97,0.023294317,2013
RUBBER,21,100,0.027168807,2013
RUBBER,21,102,0.011884751,2013
RUBBER,21,105,0.015779808,2013
RUBBER,21,106,0.017903623,2013
RUBBER,21,109,0.016330536,2013
RUBBER,21,110,9.065869032,2013
RUBBER,21,117,0.011044537,2013
RUBBER,21,131,0.218032087,2013
RUBBER,21,138,19.98621831,2013
RUBBER,21,150,0.010726949,2013
RUBBER,21,165,0.015640859,2013
RUBBER,21,167,0.014390398,2013
RUBBER,21,170,0.455335185,2013
RUBBER,21,173,0.020885234,2013
RUBBER,21,199,0.016272222,2013
RUBBER,21,200,0.040099098,2013
RUBBER,21,202,0.469314074,2013
RUBBER,21,203,0.450365544,2013
RUBBER,21,214,0.013980117,2013
RUBBER,21,223,0.037281974,2013
RUBBER,21,229,0.033155504,2013
RUBBER,21,231,194.9569011,2013
RUBBER,21,236,43.59732358,2013
RUBBER,21,256,0.02353281,2013
RUBBER,28,1,0.048418749,2013
RUBBER,28,3,0.040431793,2013
RUBBER,28,4,1.040386416,2013
RUBBER,28,9,90.6019945,2013
RUBBER,28,10,14.89148338,2013
RUBBER,28,11,23.62082812,2013
RUBBER,28,13,0.216229593,2013
RUBBER,28,16,2.248695038,2013
RUBBER,28,19,4.624282094,2013
RUBBER,28,20,0.20856832,2013
RUBBER,28,21,536.2298384,2013
RUBBER,28,27,30.59632748,2013
RUBBER,28,33,100.6478023,2013
RUBBER,28,38,1.811683367,2013
RUBBER,28,40,3.835200573,2013
RUBBER,28,41,48567.65096,2013
RUBBER,28,44,2.260928319,2013
RUBBER,28,48,23.56372401,2013
RUBBER,28,49,0.269709587,2013
RUBBER,28,52,0.6648084,2013
RUBBER,28,54,1.713226451,2013
RUBBER,28,56,5.152950414,2013
RUBBER,28,57,35.83294079,2013
RUBBER,28,58,0.975153705,2013
RUBBER,28,59,116.5644963,2013
RUBBER,28,60,0.110948417,2013
RUBBER,28,63,0.918858424,2013
RUBBER,28,67,97.87104561,2013
RUBBER,28,68,262.8542317,2013
RUBBER,28,72,0.010018562,2013
RUBBER,28,73,0.021083658,2013
RUBBER,28,79,941.3376319,2013
RUBBER,28,80,0.36988516,2013
RUBBER,28,81,0.022666526,2013
RUBBER,28,84,4.944389718,2013
RUBBER,28,89,3.82367688,2013
RUBBER,28,95,0.238279299,2013
RUBBER,28,96,1.791772519,2013
RUBBER,28,97,83.747336,2013
RUBBER,28,98,3.001298418,2013
RUBBER,28,99,0.017626543,2013
RUBBER,28,100,187.1675788,2013
RUBBER,28,101,29.23075967,2013
RUBBER,28,102,834.5398231,2013
RUBBER,28,103,0.177454118,2013
RUBBER,28,104,0.985110541,2013
RUBBER,28,105,4.996524568,2013
RUBBER,28,106,183.4960563,2013
RUBBER,28,108,0.97196781,2013
RUBBER,28,109,0.050133739,2013
RUBBER,28,110,154.6300786,2013
RUBBER,28,112,4.763024765,2013
RUBBER,28,114,1.125506012,2013
RUBBER,28,116,40.76835438,2013
RUBBER,28,117,3361.78854,2013
RUBBER,28,118,26.95047013,2013
RUBBER,28,119,3.885214641,2013
RUBBER,28,121,0.034934307,2013
RUBBER,28,122,0.35210282,2013
RUBBER,28,126,21.36823309,2013
RUBBER,28,131,15205.08165,2013
RUBBER,28,133,0.079089654,2013
RUBBER,28,134,10.0307547,2013
RUBBER,28,136,0.536572351,2013
RUBBER,28,137,0.59659661,2013
RUBBER,28,138,180.6195519,2013
RUBBER,28,143,1.298130015,2013
RUBBER,28,144,0.116260365,2013
RUBBER,28,146,0.012014507,2013
RUBBER,28,147,0.587945275,2013
RUBBER,28,149,0.161561498,2013
RUBBER,28,150,37.17394327,2013
RUBBER,28,153,0.018000678,2013
RUBBER,28,154,0.285489472,2013
RUBBER,28,156,6.916973778,2013
RUBBER,28,157,0.036929956,2013
RUBBER,28,159,0.459846746,2013
RUBBER,28,162,1.157769049,2013
RUBBER,28,165,71.17463025,2013
RUBBER,28,167,359.8158451,2013
RUBBER,28,170,9.417377664,2013
RUBBER,28,171,0.990441009,2013
RUBBER,28,173,162.6555648,2013
RUBBER,28,174,226.7075029,2013
RUBBER,28,178,0.515182088,2013
RUBBER,28,179,1.976908438,2013
RUBBER,28,181,2.535812657,2013
RUBBER,28,183,55.15727606,2013
RUBBER,28,184,0.157520951,2013
RUBBER,28,185,225.4479658,2013
RUBBER,28,195,0.796791971,2013
RUBBER,28,196,0.029936537,2013
RUBBER,28,198,5.482590288,2013
RUBBER,28,199,206.4541011,2013
RUBBER,28,200,2.146241657,2013
RUBBER,28,201,0.027489393,2013
RUBBER,28,202,140.6584331,2013
RUBBER,28,203,70.26032126,2013
RUBBER,28,209,0.023252073,2013
RUBBER,28,210,28.8721188,2013
RUBBER,28,211,1.670763825,2013
RUBBER,28,212,0.023527172,2013
RUBBER,28,214,263.7990771,2013
RUBBER,28,216,8.131919725,2013
RUBBER,28,221,0.690334346,2013
RUBBER,28,222,58.3546341,2013
RUBBER,28,223,238.9938006,2013
RUBBER,28,225,49.84135321,2013
RUBBER,28,229,100.2203165,2013
RUBBER,28,230,14.43612359,2013
RUBBER,28,231,594.1592728,2013
RUBBER,28,233,0.239723641,2013
RUBBER,28,234,31.92401116,2013
RUBBER,28,235,0.597603763,2013
RUBBER,28,236,21.54118723,2013
RUBBER,28,237,10.65565048,2013
RUBBER,28,238,36.33039087,2013
RUBBER,28,249,0.588021573,2013
RUBBER,28,250,1.090154323,2013
RUBBER,28,251,0.792484793,2013
RUBBER,28,256,106.689904,2013
RUBBER,28,272,70.77344657,2013
RUBBER,28,273,3.947512795,2013
RUBBER,32,3,0.482549238,2013
RUBBER,32,4,6.434336267,2013
RUBBER,32,9,5.005237157,2013
RUBBER,32,10,1.750754785,2013
RUBBER,32,11,128.2147773,2013
RUBBER,32,12,0.028576281,2013
RUBBER,32,13,1.052655722,2013
RUBBER,32,14,0.057152561,2013
RUBBER,32,16,0.109862168,2013
RUBBER,32,17,0.047627134,2013
RUBBER,32,19,1.624238193,2013
RUBBER,32,20,0.155136656,2013
RUBBER,32,21,938.5634968,2013
RUBBER,32,27,69.60759194,2013
RUBBER,32,28,0.018942107,2013
RUBBER,32,33,952.5415184,2013
RUBBER,32,38,1.842445943,2013
RUBBER,32,40,2.928911909,2013
RUBBER,32,41,4656.250411,2013
RUBBER,32,44,4.00693474,2013
RUBBER,32,48,2.782310634,2013
RUBBER,32,49,0.366453476,2013
RUBBER,32,52,3.669512077,2013
RUBBER,32,53,0.079410179,2013
RUBBER,32,54,1.104281532,2013
RUBBER,32,56,0.522544897,2013
RUBBER,32,57,850.0059259,2013
RUBBER,32,58,0.406328028,2013
RUBBER,32,59,664.6976048,2013
RUBBER,32,60,0.353902536,2013
RUBBER,32,63,1.100983311,2013
RUBBER,32,67,470.2432897,2013
RUBBER,32,68,5696.12186,2013
RUBBER,32,70,0.039616101,2013
RUBBER,32,73,0.033459522,2013
RUBBER,32,74,0.01673219,2013
RUBBER,32,79,5255.701068,2013
RUBBER,32,80,6.233345706,2013
RUBBER,32,84,4.464580787,2013
RUBBER,32,89,0.997083799,2013
RUBBER,32,91,0.028576281,2013
RUBBER,32,95,0.638376107,2013
RUBBER,32,96,0.376363388,2013
RUBBER,32,97,101.9149438,2013
RUBBER,32,98,1.219097026,2013
RUBBER,32,99,0.106427193,2013
RUBBER,32,100,212.0639855,2013
RUBBER,32,101,1.554801053,2013
RUBBER,32,102,41.97265438,2013
RUBBER,32,103,0.281617647,2013
RUBBER,32,104,6.107245835,2013
RUBBER,32,105,16.30736345,2013
RUBBER,32,106,3962.917452,2013
RUBBER,32,108,0.247838924,2013
RUBBER,32,109,0.736003839,2013
RUBBER,32,110,9.650615248,2013
RUBBER,32,112,2.236354566,2013
RUBBER,32,114,7.130168367,2013
RUBBER,32,116,3.913716188,2013
RUBBER,32,117,27.00060527,2013
RUBBER,32,118,2.146790099,2013
RUBBER,32,119,2.09111434,2013
RUBBER,32,121,0.032103162,2013
RUBBER,32,122,0.299033207,2013
RUBBER,32,126,2.496703976,2013
RUBBER,32,128,0.060474054,2013
RUBBER,32,131,729.3448088,2013
RUBBER,32,133,0.204459704,2013
RUBBER,32,134,52.38951351,2013
RUBBER,32,136,0.095093284,2013
RUBBER,32,137,0.096676316,2013
RUBBER,32,138,47.39655904,2013
RUBBER,32,143,8.59607748,2013
RUBBER,32,144,0.09873738,2013
RUBBER,32,146,0.103062436,2013
RUBBER,32,147,0.499329034,2013
RUBBER,32,149,0.06096859,2013
RUBBER,32,150,31.6529246,2013
RUBBER,32,153,0.344552106,2013
RUBBER,32,154,1.164148484,2013
RUBBER,32,156,0.991749575,2013
RUBBER,32,157,0.025602846,2013
RUBBER,32,159,0.497788043,2013
RUBBER,32,162,15.21086595,2013
RUBBER,32,165,4.700105621,2013
RUBBER,32,167,434.8410891,2013
RUBBER,32,170,1.330041128,2013
RUBBER,32,171,0.06651396,2013
RUBBER,32,173,4021.330861,2013
RUBBER,32,174,79.39332076,2013
RUBBER,32,178,0.277401541,2013
RUBBER,32,179,0.680104551,2013
RUBBER,32,181,6.588804484,2013
RUBBER,32,183,467.4267082,2013
RUBBER,32,184,0.106776036,2013
RUBBER,32,185,321.1520594,2013
RUBBER,32,195,2.686201172,2013
RUBBER,32,198,2632.582014,2013
RUBBER,32,199,1133.983447,2013
RUBBER,32,200,2.065268991,2013
RUBBER,32,201,0.03114594,2013
RUBBER,32,202,119.458124,2013
RUBBER,32,203,4854.020903,2013
RUBBER,32,209,0.019747476,2013
RUBBER,32,210,61.14268856,2013
RUBBER,32,211,8.227283842,2013
RUBBER,32,212,0.028492512,2013
RUBBER,32,213,0.013941468,2013
RUBBER,32,214,10.93687017,2013
RUBBER,32,216,0.997527888,2013
RUBBER,32,220,0.070523609,2013
RUBBER,32,221,0.295814886,2013
RUBBER,32,222,26.54621525,2013
RUBBER,32,223,379.280416,2013
RUBBER,32,225,2.94173181,2013
RUBBER,32,229,940.331219,2013
RUBBER,32,230,13.0364352,2013
RUBBER,32,231,8783.18655,2013
RUBBER,32,233,0.225312145,2013
RUBBER,32,234,1.545118865,2013
RUBBER,32,235,0.054865742,2013
RUBBER,32,236,2.644520186,2013
RUBBER,32,237,16.01406396,2013
RUBBER,32,238,2.372396323,2013
RUBBER,32,249,0.279652548,2013
RUBBER,32,250,2.40490128,2013
RUBBER,32,251,1.776260211,2013
RUBBER,32,256,1301.836406,2013
RUBBER,32,272,58.70015442,2013
RUBBER,32,273,0.249699102,2013
RUBBER,37,11,0.060409181,2013
RUBBER,37,21,0.47592603,2013
RUBBER,37,27,0.03529947,2013
RUBBER,37,32,2.645155492,2013
RUBBER,37,33,0.438033346,2013
RUBBER,37,38,0.148787754,2013
RUBBER,37,41,3.056778098,2013
RUBBER,37,57,0.384980363,2013
RUBBER,37,59,0.381033145,2013
RUBBER,37,67,0.218574513,2013
RUBBER,37,68,2.592717398,2013
RUBBER,37,79,2.473524853,2013
RUBBER,37,97,0.108042556,2013
RUBBER,37,100,97.61239837,2013
RUBBER,37,102,0.232525619,2013
RUBBER,37,105,0.01906651,2013
RUBBER,37,106,1.83663454,2013
RUBBER,37,110,0.024005484,2013
RUBBER,37,117,0.052480978,2013
RUBBER,37,131,1.402748692,2013
RUBBER,37,134,0.024716431,2013
RUBBER,37,138,0.069628445,2013
RUBBER,37,149,0.022863758,2013
RUBBER,37,150,0.017526957,2013
RUBBER,37,165,0.063853897,2013
RUBBER,37,167,0.227117393,2013
RUBBER,37,173,1.827852178,2013
RUBBER,37,174,0.05416768,2013
RUBBER,37,179,0.020948126,2013
RUBBER,37,183,0.219113767,2013
RUBBER,37,185,0.161709798,2013
RUBBER,37,198,1.184695407,2013
RUBBER,37,199,0.534746418,2013
RUBBER,37,201,0.01433638,2013
RUBBER,37,202,0.069020869,2013
RUBBER,37,203,2.204357709,2013
RUBBER,37,210,0.030392415,2013
RUBBER,37,214,0.024051561,2013
RUBBER,37,222,0.017185838,2013
RUBBER,37,223,0.212672831,2013
RUBBER,37,225,0.014813314,2013
RUBBER,37,229,0.43491231,2013
RUBBER,37,230,0.010539844,2013
RUBBER,37,231,4.005827526,2013
RUBBER,37,237,0.070514018,2013
RUBBER,37,256,0.609622121,2013
RUBBER,37,272,0.031859017,2013
RUBBER,38,1,0.02144132,2013
RUBBER,38,3,0.139531844,2013
RUBBER,38,4,40.06125259,2013
RUBBER,38,9,80.48349593,2013
RUBBER,38,10,56.01554423,2013
RUBBER,38,11,41.39802798,2013
RUBBER,38,13,0.280223351,2013
RUBBER,38,16,94.75278996,2013
RUBBER,38,19,3.217362626,2013
RUBBER,38,20,0.735872121,2013
RUBBER,38,21,272.3590874,2013
RUBBER,38,27,42.57939525,2013
RUBBER,38,28,0.169036762,2013
RUBBER,38,33,84.4554529,2013
RUBBER,38,40,32.01752298,2013
RUBBER,38,41,3263.385044,2013
RUBBER,38,44,38.61459057,2013
RUBBER,38,48,11.83038416,2013
RUBBER,38,49,0.034444133,2013
RUBBER,38,52,1.182741235,2013
RUBBER,38,54,2.120381933,2013
RUBBER,38,56,2.123126613,2013
RUBBER,38,57,16.11055323,2013
RUBBER,38,58,2.268688476,2013
RUBBER,38,59,240.9052028,2013
RUBBER,38,60,0.092865954,2013
RUBBER,38,63,3.512859478,2013
RUBBER,38,67,43.88586544,2013
RUBBER,38,68,448.476766,2013
RUBBER,38,72,10.67996901,2013
RUBBER,38,73,0.019066475,2013
RUBBER,38,79,1649.607199,2013
RUBBER,38,80,0.429723048,2013
RUBBER,38,84,4.263096829,2013
RUBBER,38,89,5.330436616,2013
RUBBER,38,95,0.234358691,2013
RUBBER,38,96,12.70495444,2013
RUBBER,38,97,136.9228477,2013
RUBBER,38,98,1.465290743,2013
RUBBER,38,99,1.870323986,2013
RUBBER,38,100,2285.184393,2013
RUBBER,38,101,13.14036929,2013
RUBBER,38,102,341.2743076,2013
RUBBER,38,103,0.160476163,2013
RUBBER,38,104,2.136256791,2013
RUBBER,38,105,14.28449737,2013
RUBBER,38,106,1049.296822,2013
RUBBER,38,108,0.200111034,2013
RUBBER,38,109,21.06180909,2013
RUBBER,38,110,1658.949269,2013
RUBBER,38,112,30.51424765,2013
RUBBER,38,114,228.4679427,2013
RUBBER,38,116,2.845064808,2013
RUBBER,38,117,358.6117959,2013
RUBBER,38,118,17.36353196,2013
RUBBER,38,119,2.077011536,2013
RUBBER,38,121,0.030150803,2013
RUBBER,38,122,1.440638976,2013
RUBBER,38,126,9.742651387,2013
RUBBER,38,131,6184.173922,2013
RUBBER,38,133,0.058829896,2013
RUBBER,38,134,17.28094879,2013
RUBBER,38,136,0.099065693,2013
RUBBER,38,137,0.043175382,2013
RUBBER,38,138,265.2076611,2013
RUBBER,38,143,43.63471751,2013
RUBBER,38,144,0.475682681,2013
RUBBER,38,146,0.022216658,2013
RUBBER,38,147,2.405595272,2013
RUBBER,38,149,0.543474552,2013
RUBBER,38,150,59.84445627,2013
RUBBER,38,153,0.091560314,2013
RUBBER,38,154,0.431740751,2013
RUBBER,38,156,207.6122903,2013
RUBBER,38,157,0.055994083,2013
RUBBER,38,159,0.739541544,2013
RUBBER,38,162,4.876724672,2013
RUBBER,38,165,3985.269935,2013
RUBBER,38,167,247.7457839,2013
RUBBER,38,170,26.90059027,2013
RUBBER,38,171,0.327846728,2013
RUBBER,38,173,315.697745,2013
RUBBER,38,174,98.46493582,2013
RUBBER,38,178,0.803066546,2013
RUBBER,38,179,1.760583249,2013
RUBBER,38,181,40.54826931,2013
RUBBER,38,183,130.7517202,2013
RUBBER,38,184,1.049855038,2013
RUBBER,38,185,138.3646455,2013
RUBBER,38,195,0.89099427,2013
RUBBER,38,196,0.012175716,2013
RUBBER,38,198,81.07554956,2013
RUBBER,38,199,356.6827587,2013
RUBBER,38,200,74.38285288,2013
RUBBER,38,201,0.335626137,2013
RUBBER,38,202,575.5080892,2013
RUBBER,38,203,183.7720654,2013
RUBBER,38,209,0.095136536,2013
RUBBER,38,210,105.8626977,2013
RUBBER,38,211,38.61179201,2013
RUBBER,38,212,0.019254005,2013
RUBBER,38,214,172.4470841,2013
RUBBER,38,216,4.631424207,2013
RUBBER,38,221,0.544303084,2013
RUBBER,38,222,26.87940173,2013
RUBBER,38,223,216.1280252,2013
RUBBER,38,225,36.52059081,2013
RUBBER,38,229,75.40961267,2013
RUBBER,38,230,9.968689181,2013
RUBBER,38,231,1106.038186,2013
RUBBER,38,233,0.063901919,2013
RUBBER,38,234,16.70657347,2013
RUBBER,38,235,0.137515628,2013
RUBBER,38,236,38.81585451,2013
RUBBER,38,237,258.3121849,2013
RUBBER,38,238,79.16417659,2013
RUBBER,38,249,0.78470106,2013
RUBBER,38,250,0.606600092,2013
RUBBER,38,251,0.367948646,2013
RUBBER,38,256,130.3286391,2013
RUBBER,38,272,47.33927846,2013
RUBBER,38,273,1.620438888,2013
RUBBER,41,4,3.172149944,2013
RUBBER,41,9,7.198857465,2013
RUBBER,41,10,17.20972044,2013
RUBBER,41,11,1.762011732,2013
RUBBER,41,13,0.265671674,2013
RUBBER,41,16,0.126590551,2013
RUBBER,41,19,68.94431748,2013
RUBBER,41,20,0.719703167,2013
RUBBER,41,21,68.90655254,2013
RUBBER,41,27,1.930222772,2013
RUBBER,41,28,0.019725402,2013
RUBBER,41,33,27.76935062,2013
RUBBER,41,38,4.244022899,2013
RUBBER,41,40,3.333467659,2013
RUBBER,41,44,2.337856943,2013
RUBBER,41,48,5.30924811,2013
RUBBER,41,49,4.664768386,2013
RUBBER,41,52,0.04818387,2013
RUBBER,41,54,0.246177952,2013
RUBBER,41,56,0.285958256,2013
RUBBER,41,57,2.371080871,2013
RUBBER,41,58,0.154872473,2013
RUBBER,41,59,12.54493612,2013
RUBBER,41,60,1.015030741,2013
RUBBER,41,63,0.091675176,2013
RUBBER,41,67,5.751745272,2013
RUBBER,41,68,29.97230973,2013
RUBBER,41,79,67.81704036,2013
RUBBER,41,80,0.283629706,2013
RUBBER,41,81,0.381357578,2013
RUBBER,41,84,0.403012846,2013
RUBBER,41,89,4.019721636,2013
RUBBER,41,95,0.031945139,2013
RUBBER,41,96,7.379373968,2013
RUBBER,41,97,8.339263994,2013
RUBBER,41,98,0.18592439,2013
RUBBER,41,100,76.64793426,2013
RUBBER,41,101,36.99272929,2013
RUBBER,41,102,335.5466276,2013
RUBBER,41,103,0.018028806,2013
RUBBER,41,104,0.852860184,2013
RUBBER,41,105,21.74053994,2013
RUBBER,41,106,15.67459933,2013
RUBBER,41,108,11.42946012,2013
RUBBER,41,109,0.025446208,2013
RUBBER,41,110,99.07743588,2013
RUBBER,41,112,0.834828299,2013
RUBBER,41,114,1.521194223,2013
RUBBER,41,116,719.2974126,2013
RUBBER,41,117,43.63997337,2013
RUBBER,41,118,1.747115252,2013
RUBBER,41,119,0.841949179,2013
RUBBER,41,121,0.020962646,2013
RUBBER,41,122,0.396340622,2013
RUBBER,41,126,1.316269688,2013
RUBBER,41,131,819.0944381,2013
RUBBER,41,133,0.554034107,2013
RUBBER,41,134,0.73742995,2013
RUBBER,41,136,6.482182157,2013
RUBBER,41,137,10.50063319,2013
RUBBER,41,138,14.12063858,2013
RUBBER,41,143,2.57433476,2013
RUBBER,41,144,0.130867186,2013
RUBBER,41,147,0.661814057,2013
RUBBER,41,149,2.089193587,2013
RUBBER,41,150,3.696065573,2013
RUBBER,41,154,0.028215455,2013
RUBBER,41,156,41.81708729,2013
RUBBER,41,159,0.035976013,2013
RUBBER,41,162,0.139252791,2013
RUBBER,41,165,22.77380898,2013
RUBBER,41,167,25.11796149,2013
RUBBER,41,170,1.337895732,2013
RUBBER,41,171,6.091413058,2013
RUBBER,41,173,24.20900806,2013
RUBBER,41,174,12.8915398,2013
RUBBER,41,178,0.035437595,2013
RUBBER,41,179,1.950263374,2013
RUBBER,41,181,3.151326233,2013
RUBBER,41,183,6.022961908,2013
RUBBER,41,184,2.597700009,2013
RUBBER,41,185,54.99930639,2013
RUBBER,41,195,0.597297357,2013
RUBBER,41,198,0.92866108,2013
RUBBER,41,199,14.92117457,2013
RUBBER,41,200,0.981436992,2013
RUBBER,41,201,0.011257319,2013
RUBBER,41,202,158.3306003,2013
RUBBER,41,203,33.26516504,2013
RUBBER,41,209,0.026173437,2013
RUBBER,41,210,5.55009788,2013
RUBBER,41,211,0.135939211,2013
RUBBER,41,214,24.4822279,2013
RUBBER,41,216,0.604966885,2013
RUBBER,41,221,0.064141738,2013
RUBBER,41,222,4.512666478,2013
RUBBER,41,223,24.28105264,2013
RUBBER,41,225,3.801543034,2013
RUBBER,41,229,28.58676697,2013
RUBBER,41,230,0.972191182,2013
RUBBER,41,231,293.4573612,2013
RUBBER,41,233,3.658742842,2013
RUBBER,41,234,4.57119055,2013
RUBBER,41,235,5.710959806,2013
RUBBER,41,236,14.95576773,2013
RUBBER,41,237,26.21154951,2013
RUBBER,41,238,1.921720133,2013
RUBBER,41,249,1.587862938,2013
RUBBER,41,250,13.29189575,2013
RUBBER,41,251,9.89109893,2013
RUBBER,41,256,8.393517851,2013
RUBBER,41,272,5.163864084,2013
RUBBER,41,273,0.212745761,2013
RUBBER,46,1,0.011139297,2013
RUBBER,46,3,0.015885718,2013
RUBBER,46,4,0.218352309,2013
RUBBER,46,9,4.837915877,2013
RUBBER,46,10,0.762720912,2013
RUBBER,46,11,32.7553643,2013
RUBBER,46,13,0.207920755,2013
RUBBER,46,16,0.119065644,2013
RUBBER,46,19,0.090918872,2013
RUBBER,46,20,0.022378578,2013
RUBBER,46,21,28.97641322,2013
RUBBER,46,27,2.375193611,2013
RUBBER,46,28,0.019139324,2013
RUBBER,46,33,5.48546559,2013
RUBBER,46,38,0.297837485,2013
RUBBER,46,40,0.22035634,2013
RUBBER,46,41,357.5381057,2013
RUBBER,46,44,0.222023235,2013
RUBBER,46,48,1.291159224,2013
RUBBER,46,49,0.049952402,2013
RUBBER,46,52,0.976610011,2013
RUBBER,46,54,0.280454418,2013
RUBBER,46,56,0.274405133,2013
RUBBER,46,57,2.056710652,2013
RUBBER,46,58,0.059318583,2013
RUBBER,46,59,7.736698208,2013
RUBBER,46,63,0.189255593,2013
RUBBER,46,67,6.031168773,2013
RUBBER,46,68,49.33020638,2013
RUBBER,46,73,0.052490717,2013
RUBBER,46,79,1369.514378,2013
RUBBER,46,80,0.054102064,2013
RUBBER,46,84,0.86328324,2013
RUBBER,46,89,0.195129758,2013
RUBBER,46,95,0.545233729,2013
RUBBER,46,96,0.079939597,2013
RUBBER,46,97,15.59902684,2013
RUBBER,46,98,0.250292948,2013
RUBBER,46,99,0.025349035,2013
RUBBER,46,100,84.45925606,2013
RUBBER,46,101,1.39836684,2013
RUBBER,46,102,43.86032164,2013
RUBBER,46,103,0.44179687,2013
RUBBER,46,104,0.866611009,2013
RUBBER,46,105,2.324218973,2013
RUBBER,46,106,107.178775,2013
RUBBER,46,108,0.027470735,2013
RUBBER,46,110,7.119914252,2013
RUBBER,46,112,0.388655088,2013
RUBBER,46,114,1.029676252,2013
RUBBER,46,116,0.30991266,2013
RUBBER,46,117,24.44066557,2013
RUBBER,46,118,1.504812658,2013
RUBBER,46,119,0.676431492,2013
RUBBER,46,122,0.043506431,2013
RUBBER,46,126,1.22794556,2013
RUBBER,46,131,809.5565101,2013
RUBBER,46,134,13.55352971,2013
RUBBER,46,136,0.017313089,2013
RUBBER,46,137,0.010059468,2013
RUBBER,46,138,9.672142478,2013
RUBBER,46,143,0.81587952,2013
RUBBER,46,144,0.014365331,2013
RUBBER,46,146,0.013930497,2013
RUBBER,46,147,0.072647531,2013
RUBBER,46,149,0.020687172,2013
RUBBER,46,150,4.181866928,2013
RUBBER,46,154,0.624846406,2013
RUBBER,46,156,0.263432423,2013
RUBBER,46,159,0.06676529,2013
RUBBER,46,162,0.742891609,2013
RUBBER,46,165,3.806355219,2013
RUBBER,46,167,73.39919498,2013
RUBBER,46,170,0.520195311,2013
RUBBER,46,171,0.036763564,2013
RUBBER,46,173,171.6138086,2013
RUBBER,46,174,19.32001994,2013
RUBBER,46,178,0.044866329,2013
RUBBER,46,179,0.195470711,2013
RUBBER,46,181,0.928734251,2013
RUBBER,46,183,60.28519537,2013
RUBBER,46,184,0.014357785,2013
RUBBER,46,185,17.35535586,2013
RUBBER,46,195,0.075462572,2013
RUBBER,46,198,1.672776721,2013
RUBBER,46,199,293.024974,2013
RUBBER,46,200,0.359730204,2013
RUBBER,46,201,0.012404572,2013
RUBBER,46,202,17.37999822,2013
RUBBER,46,203,682.4729127,2013
RUBBER,46,210,9.699930032,2013
RUBBER,46,211,0.451868582,2013
RUBBER,46,212,0.043859068,2013
RUBBER,46,213,0.021871132,2013
RUBBER,46,214,9.918136815,2013
RUBBER,46,216,0.434707005,2013
RUBBER,46,221,0.055496221,2013
RUBBER,46,222,3.426104883,2013
RUBBER,46,223,595.0085249,2013
RUBBER,46,225,2.691931304,2013
RUBBER,46,229,133.9988628,2013
RUBBER,46,230,1.396592514,2013
RUBBER,46,231,33.20884999,2013
RUBBER,46,234,1.692409143,2013
RUBBER,46,235,0.034206142,2013
RUBBER,46,236,0.976030495,2013
RUBBER,46,237,0.745039217,2013
RUBBER,46,238,2.319833743,2013
RUBBER,46,249,0.048444215,2013
RUBBER,46,250,0.341711278,2013
RUBBER,46,251,0.252328312,2013
RUBBER,46,256,11.89929623,2013
RUBBER,46,272,10.66928111,2013
RUBBER,46,273,0.211661644,2013
RUBBER,58,9,0.0433079,2013
RUBBER,58,11,0.184608606,2013
RUBBER,58,19,15.1102214,2013
RUBBER,58,21,0.122391016,2013
RUBBER,58,33,0.149315368,2013
RUBBER,58,40,110.3791539,2013
RUBBER,58,41,0.074431559,2013
RUBBER,58,44,2.967547735,2013
RUBBER,58,48,6.955969891,2013
RUBBER,58,59,0.016295488,2013
RUBBER,58,67,0.011712791,2013
RUBBER,58,68,1.829643245,2013
RUBBER,58,79,7.651014963,2013
RUBBER,58,97,0.240122047,2013
RUBBER,58,100,0.011308264,2013
RUBBER,58,105,0.012386253,2013
RUBBER,58,106,0.264570156,2013
RUBBER,58,117,0.010318746,2013
RUBBER,58,131,0.106532262,2013
RUBBER,58,134,0.076732256,2013
RUBBER,58,138,0.321137145,2013
RUBBER,58,150,0.092360022,2013
RUBBER,58,167,1.44979392,2013
RUBBER,58,170,670.6103351,2013
RUBBER,58,173,1.183963331,2013
RUBBER,58,174,0.021498272,2013
RUBBER,58,183,0.36455209,2013
RUBBER,58,185,0.037909041,2013
RUBBER,58,195,0.015412801,2013
RUBBER,58,198,0.225079069,2013
RUBBER,58,199,1.667640174,2013
RUBBER,58,200,0.016874814,2013
RUBBER,58,202,0.028024195,2013
RUBBER,58,203,0.146176897,2013
RUBBER,58,210,0.063645789,2013
RUBBER,58,211,0.014687918,2013
RUBBER,58,223,0.086040926,2013
RUBBER,58,229,0.499021791,2013
RUBBER,58,231,81.85934744,2013
RUBBER,58,236,0.010192671,2013
RUBBER,58,256,8.449540165,2013
RUBBER,58,272,0.069989037,2013
RUBBER,74,3,0.223126651,2013
RUBBER,74,4,3.069077192,2013
RUBBER,74,9,0.593351275,2013
RUBBER,74,10,0.314038633,2013
RUBBER,74,11,33.60124625,2013
RUBBER,74,13,0.191662898,2013
RUBBER,74,16,0.011106859,2013
RUBBER,74,19,0.698301866,2013
RUBBER,74,20,0.099932457,2013
RUBBER,74,21,5.728059232,2013
RUBBER,74,27,2.833802577,2013
RUBBER,74,33,2.904525338,2013
RUBBER,74,38,0.440463824,2013
RUBBER,74,40,0.447316021,2013
RUBBER,74,41,3179.520332,2013
RUBBER,74,44,1.565197405,2013
RUBBER,74,48,0.475996489,2013
RUBBER,74,49,0.310000959,2013
RUBBER,74,52,0.916072143,2013
RUBBER,74,53,0.05111286,2013
RUBBER,74,54,0.374450589,2013
RUBBER,74,56,0.054012429,2013
RUBBER,74,57,1.124999687,2013
RUBBER,74,58,0.038698671,2013
RUBBER,74,59,7.951936781,2013
RUBBER,74,60,0.040975123,2013
RUBBER,74,63,0.489133424,2013
RUBBER,74,67,1.464656211,2013
RUBBER,74,68,3674.164582,2013
RUBBER,74,70,0.02555354,2013
RUBBER,74,79,1317.194982,2013
RUBBER,74,80,0.121025257,2013
RUBBER,74,84,1.040129164,2013
RUBBER,74,89,0.109709726,2013
RUBBER,74,95,0.038025013,2013
RUBBER,74,96,0.072106796,2013
RUBBER,74,97,42.28700451,2013
RUBBER,74,98,0.339741841,2013
RUBBER,74,99,0.02396114,2013
RUBBER,74,100,6.88804561,2013
RUBBER,74,101,0.305697645,2013
RUBBER,74,102,5.353100243,2013
RUBBER,74,104,0.71475784,2013
RUBBER,74,105,7.616126535,2013
RUBBER,74,106,1865.710501,2013
RUBBER,74,108,0.064271406,2013
RUBBER,74,109,0.078891796,2013
RUBBER,74,110,2.230241706,2013
RUBBER,74,112,1.013392595,2013
RUBBER,74,114,5.880974366,2013
RUBBER,74,116,2.656634584,2013
RUBBER,74,117,4.203701326,2013
RUBBER,74,118,0.513095069,2013
RUBBER,74,119,0.509797544,2013
RUBBER,74,122,0.192411928,2013
RUBBER,74,126,1.018021897,2013
RUBBER,74,131,72.31325505,2013
RUBBER,74,133,0.035639361,2013
RUBBER,74,134,13.20361264,2013
RUBBER,74,136,0.05525452,2013
RUBBER,74,137,0.043388412,2013
RUBBER,74,138,4.788934906,2013
RUBBER,74,143,4.727971296,2013
RUBBER,74,144,0.06353224,2013
RUBBER,74,146,0.01865203,2013
RUBBER,74,147,0.321291616,2013
RUBBER,74,150,13.46544814,2013
RUBBER,74,153,0.169044299,2013
RUBBER,74,154,0.366876308,2013
RUBBER,74,156,0.366156885,2013
RUBBER,74,159,0.172616797,2013
RUBBER,74,162,6.742281407,2013
RUBBER,74,165,0.801112961,2013
RUBBER,74,167,62.65690325,2013
RUBBER,74,170,0.392624989,2013
RUBBER,74,171,0.0258448,2013
RUBBER,74,173,3273.961007,2013
RUBBER,74,174,41.42762122,2013
RUBBER,74,178,0.130098547,2013
RUBBER,74,179,0.272413026,2013
RUBBER,74,181,5.104012949,2013
RUBBER,74,183,187.657062,2013
RUBBER,74,184,0.043225022,2013
RUBBER,74,185,39.19328608,2013
RUBBER,74,195,0.135508638,2013
RUBBER,74,198,2.551221865,2013
RUBBER,74,199,286.3893746,2013
RUBBER,74,200,0.209863534,2013
RUBBER,74,202,76.86493486,2013
RUBBER,74,203,4169.414672,2013
RUBBER,74,209,0.012706448,2013
RUBBER,74,210,10.74763068,2013
RUBBER,74,211,3.30552012,2013
RUBBER,74,214,1.905515616,2013
RUBBER,74,216,0.062471419,2013
RUBBER,74,221,0.166266582,2013
RUBBER,74,222,15.38480817,2013
RUBBER,74,223,7.431599895,2013
RUBBER,74,225,0.471926157,2013
RUBBER,74,229,109.1823524,2013
RUBBER,74,230,9.584348932,2013
RUBBER,74,231,940.8710176,2013
RUBBER,74,233,0.050464704,2013
RUBBER,74,234,0.165058115,2013
RUBBER,74,235,0.02252405,2013
RUBBER,74,236,0.622860265,2013
RUBBER,74,237,9.952993388,2013
RUBBER,74,238,0.38798325,2013
RUBBER,74,249,0.131691202,2013
RUBBER,74,250,1.977904569,2013
RUBBER,74,251,1.464020431,2013
RUBBER,74,256,14.59218864,2013
RUBBER,74,272,12.30854117,2013
RUBBER,74,273,0.047226055,2013
RUBBER,81,3,0.455271146,2013
RUBBER,81,4,3.594500742,2013
RUBBER,81,9,2.16943443,2013
RUBBER,81,10,0.679466793,2013
RUBBER,81,11,39.9349873,2013
RUBBER,81,12,0.011515444,2013
RUBBER,81,13,0.416167395,2013
RUBBER,81,14,0.023030887,2013
RUBBER,81,16,0.042428677,2013
RUBBER,81,17,0.019192406,2013
RUBBER,81,19,0.567002867,2013
RUBBER,81,20,0.115380265,2013
RUBBER,81,21,20.29436418,2013
RUBBER,81,27,7.574285111,2013
RUBBER,81,33,9.239306582,2013
RUBBER,81,38,1.015346201,2013
RUBBER,81,40,1.253836653,2013
RUBBER,81,41,276.0905902,2013
RUBBER,81,44,2.038332762,2013
RUBBER,81,48,2.793537425,2013
RUBBER,81,49,0.302558916,2013
RUBBER,81,52,1.036373841,2013
RUBBER,81,53,0.024823395,2013
RUBBER,81,54,0.541919661,2013
RUBBER,81,56,0.20521778,2013
RUBBER,81,57,1.929565197,2013
RUBBER,81,58,1.520109479,2013
RUBBER,81,59,8.540074889,2013
RUBBER,81,60,0.140449628,2013
RUBBER,81,63,1.399112557,2013
RUBBER,81,67,3.407948883,2013
RUBBER,81,68,1771.178436,2013
RUBBER,81,70,0.012318413,2013
RUBBER,81,73,0.017115799,2013
RUBBER,81,79,1479.191538,2013
RUBBER,81,80,0.768036693,2013
RUBBER,81,84,50.32696228,2013
RUBBER,81,89,0.349397616,2013
RUBBER,81,91,0.011515444,2013
RUBBER,81,95,0.294903603,2013
RUBBER,81,96,0.127969459,2013
RUBBER,81,97,165.2350888,2013
RUBBER,81,98,1.033398213,2013
RUBBER,81,99,0.034730056,2013
RUBBER,81,100,222.3013938,2013
RUBBER,81,101,0.621727402,2013
RUBBER,81,102,15.86989268,2013
RUBBER,81,103,0.144057977,2013
RUBBER,81,104,44.30814339,2013
RUBBER,81,105,18.39923409,2013
RUBBER,81,106,2240.032381,2013
RUBBER,81,108,0.038982468,2013
RUBBER,81,109,0.296644821,2013
RUBBER,81,110,3.463323672,2013
RUBBER,81,112,0.818429881,2013
RUBBER,81,114,17.7344708,2013
RUBBER,81,116,0.236537335,2013
RUBBER,81,117,9.786450124,2013
RUBBER,81,118,0.830709625,2013
RUBBER,81,119,0.621462707,2013
RUBBER,81,122,0.226161405,2013
RUBBER,81,126,2.313058857,2013
RUBBER,81,128,0.031323278,2013
RUBBER,81,131,278.0575829,2013
RUBBER,81,133,0.02503277,2013
RUBBER,81,134,15.74243334,2013
RUBBER,81,136,0.038020914,2013
RUBBER,81,137,0.024030497,2013
RUBBER,81,138,17.3862361,2013
RUBBER,81,143,4.478824442,2013
RUBBER,81,144,0.074675935,2013
RUBBER,81,146,0.020060421,2013
RUBBER,81,147,0.377646874,2013
RUBBER,81,149,0.052743739,2013
RUBBER,81,150,71.65086869,2013
RUBBER,81,153,0.184639982,2013
RUBBER,81,154,0.629318881,2013
RUBBER,81,156,0.400402796,2013
RUBBER,81,157,0.010070748,2013
RUBBER,81,159,0.188455816,2013
RUBBER,81,162,8.304946174,2013
RUBBER,81,165,2.117195049,2013
RUBBER,81,167,1268.323706,2013
RUBBER,81,170,0.665958172,2013
RUBBER,81,171,0.016215509,2013
RUBBER,81,173,2643.240526,2013
RUBBER,81,174,47.48114076,2013
RUBBER,81,178,0.103369364,2013
RUBBER,81,179,0.357005878,2013
RUBBER,81,181,5.491064824,2013
RUBBER,81,183,177.1263494,2013
RUBBER,81,184,0.112508655,2013
RUBBER,81,185,37.32419622,2013
RUBBER,81,195,0.208013733,2013
RUBBER,81,198,4.512703976,2013
RUBBER,81,199,335.619252,2013
RUBBER,81,200,59.21027185,2013
RUBBER,81,201,0.032649513,2013
RUBBER,81,202,90.34721391,2013
RUBBER,81,203,4285.480278,2013
RUBBER,81,209,0.014935187,2013
RUBBER,81,210,38.7005516,2013
RUBBER,81,211,2.747209864,2013
RUBBER,81,212,0.01436821,2013
RUBBER,81,214,4.082056414,2013
RUBBER,81,216,0.231890259,2013
RUBBER,81,220,0.022167885,2013
RUBBER,81,221,0.192455884,2013
RUBBER,81,222,9.1397863,2013
RUBBER,81,223,194.0161428,2013
RUBBER,81,225,1.120285788,2013
RUBBER,81,229,487.0560848,2013
RUBBER,81,230,8.169129127,2013
RUBBER,81,231,3539.379092,2013
RUBBER,81,233,13.01266507,2013
RUBBER,81,234,0.583822538,2013
RUBBER,81,235,0.012457963,2013
RUBBER,81,236,1.069942966,2013
RUBBER,81,237,5.268047469,2013
RUBBER,81,238,1.030510378,2013
RUBBER,81,249,0.101962379,2013
RUBBER,81,250,2.022339655,2013
RUBBER,81,251,1.495184493,2013
RUBBER,81,256,41.35734984,2013
RUBBER,81,272,448.1123717,2013
RUBBER,81,273,0.106316102,2013
RUBBER,89,3,0.021886714,2013
RUBBER,89,4,0.305717772,2013
RUBBER,89,9,508.4134076,2013
RUBBER,89,10,59.59163002,2013
RUBBER,89,11,14.53942864,2013
RUBBER,89,12,0.072509415,2013
RUBBER,89,13,0.12929474,2013
RUBBER,89,14,0.14501883,2013
RUBBER,89,16,0.011702173,2013
RUBBER,89,17,0.120849025,2013
RUBBER,89,19,109.7544288,2013
RUBBER,89,20,0.011170158,2013
RUBBER,89,21,2814.427188,2013
RUBBER,89,27,0.634554119,2013
RUBBER,89,33,1402.989025,2013
RUBBER,89,38,1.398920979,2013
RUBBER,89,40,11063.58343,2013
RUBBER,89,41,34.26533279,2013
RUBBER,89,44,8802.68385,2013
RUBBER,89,48,5942.631732,2013
RUBBER,89,49,48.52257116,2013
RUBBER,89,52,0.398913205,2013
RUBBER,89,54,0.503349225,2013
RUBBER,89,56,10.65018688,2013
RUBBER,89,57,642.2823634,2013
RUBBER,89,58,17.78584198,2013
RUBBER,89,59,3.215492789,2013
RUBBER,89,60,111.983231,2013
RUBBER,89,63,0.464737442,2013
RUBBER,89,67,2.486440524,2013
RUBBER,89,68,62.77771243,2013
RUBBER,89,79,573.4757608,2013
RUBBER,89,80,0.054296163,2013
RUBBER,89,84,0.431770402,2013
RUBBER,89,91,0.072509415,2013
RUBBER,89,95,0.744546779,2013
RUBBER,89,96,0.50770474,2013
RUBBER,89,97,48.11169171,2013
RUBBER,89,98,0.328203101,2013
RUBBER,89,99,0.011118992,2013
RUBBER,89,100,4.189181603,2013
RUBBER,89,101,4.695003883,2013
RUBBER,89,102,3.567362427,2013
RUBBER,89,104,0.588904767,2013
RUBBER,89,105,3.354917816,2013
RUBBER,89,106,172.2917738,2013
RUBBER,89,108,0.029246792,2013
RUBBER,89,109,1.866865109,2013
RUBBER,89,110,5.177345762,2013
RUBBER,89,112,0.347728284,2013
RUBBER,89,114,82.21408853,2013
RUBBER,89,116,0.042899511,2013
RUBBER,89,117,3.743063434,2013
RUBBER,89,118,0.34527601,2013
RUBBER,89,119,0.304367429,2013
RUBBER,89,122,0.021886173,2013
RUBBER,89,126,521.571079,2013
RUBBER,89,131,64.9843721,2013
RUBBER,89,133,0.02549007,2013
RUBBER,89,134,5.982681572,2013
RUBBER,89,138,34356.05479,2013
RUBBER,89,143,0.57653139,2013
RUBBER,89,146,0.012701246,2013
RUBBER,89,147,0.03654578,2013
RUBBER,89,150,21.26610192,2013
RUBBER,89,153,0.021944012,2013
RUBBER,89,154,0.03863343,2013
RUBBER,89,156,0.534395563,2013
RUBBER,89,157,82.05129153,2013
RUBBER,89,159,0.193439823,2013
RUBBER,89,162,0.81497783,2013
RUBBER,89,165,5.218870535,2013
RUBBER,89,167,76.00268751,2013
RUBBER,89,170,4689.52117,2013
RUBBER,89,171,0.038217256,2013
RUBBER,89,173,87.19751907,2013
RUBBER,89,174,5.901073825,2013
RUBBER,89,178,0.044425832,2013
RUBBER,89,179,0.126762341,2013
RUBBER,89,181,0.516606709,2013
RUBBER,89,183,28.8551498,2013
RUBBER,89,184,0.377670761,2013
RUBBER,89,185,4.361168563,2013
RUBBER,89,195,0.414967757,2013
RUBBER,89,198,6.307206502,2013
RUBBER,89,199,124.4090852,2013
RUBBER,89,200,4.665045279,2013
RUBBER,89,202,8.743113351,2013
RUBBER,89,203,394.4788292,2013
RUBBER,89,210,8.739727227,2013
RUBBER,89,211,0.628773948,2013
RUBBER,89,214,2.436350635,2013
RUBBER,89,216,0.563196532,2013
RUBBER,89,220,0.106286892,2013
RUBBER,89,221,0.021874901,2013
RUBBER,89,222,0.610991086,2013
RUBBER,89,223,5.278972102,2013
RUBBER,89,225,0.394439234,2013
RUBBER,89,229,78.56526854,2013
RUBBER,89,230,1.41205477,2013
RUBBER,89,231,22286.4455,2013
RUBBER,89,233,0.075452414,2013
RUBBER,89,234,210.6416768,2013
RUBBER,89,236,3381.293472,2013
RUBBER,89,237,0.32775175,2013
RUBBER,89,238,0.175259667,2013
RUBBER,89,249,0.043101358,2013
RUBBER,89,250,0.206948171,2013
RUBBER,89,251,0.15307757,2013
RUBBER,89,256,217.2209144,2013
RUBBER,89,272,5.208811493,2013
RUBBER,89,273,0.019506046,2013
RUBBER,90,3,0.147991531,2013
RUBBER,90,4,2.034726831,2013
RUBBER,90,9,0.613527162,2013
RUBBER,90,10,0.311649714,2013
RUBBER,90,11,29.91830099,2013
RUBBER,90,13,0.419041646,2013
RUBBER,90,16,0.014092481,2013
RUBBER,90,19,0.296607526,2013
RUBBER,90,20,0.072748305,2013
RUBBER,90,21,4.618390053,2013
RUBBER,90,27,2.857559832,2013
RUBBER,90,33,1.456336472,2013
RUBBER,90,38,1.127735524,2013
RUBBER,90,40,0.123646442,2013
RUBBER,90,41,35.1889931,2013
RUBBER,90,44,1.001798642,2013
RUBBER,90,48,0.244410108,2013
RUBBER,90,49,0.15640193,2013
RUBBER,90,52,0.823684005,2013
RUBBER,90,53,0.043513493,2013
RUBBER,90,54,0.33131113,2013
RUBBER,90,56,0.02932606,2013
RUBBER,90,57,0.67789083,2013
RUBBER,90,58,0.026069607,2013
RUBBER,90,59,7.713856519,2013
RUBBER,90,63,0.447955712,2013
RUBBER,90,67,1.684917448,2013
RUBBER,90,68,3094.977477,2013
RUBBER,90,70,0.021525337,2013
RUBBER,90,79,1184.086392,2013
RUBBER,90,80,0.117687589,2013
RUBBER,90,84,1.131010521,2013
RUBBER,90,89,0.03379166,2013
RUBBER,90,95,0.013491093,2013
RUBBER,90,96,0.03468884,2013
RUBBER,90,97,46.95625604,2013
RUBBER,90,98,0.254141726,2013
RUBBER,90,99,0.030956865,2013
RUBBER,90,100,551.4618106,2013
RUBBER,90,101,0.180206714,2013
RUBBER,90,102,5.342214653,2013
RUBBER,90,104,3.14791175,2013
RUBBER,90,105,7.80662242,2013
RUBBER,90,106,1223.117654,2013
RUBBER,90,108,0.022376035,2013
RUBBER,90,110,1.816536773,2013
RUBBER,90,112,0.952918966,2013
RUBBER,90,114,3.260030461,2013
RUBBER,90,116,0.030677,2013
RUBBER,90,117,4.050427816,2013
RUBBER,90,118,0.523678384,2013
RUBBER,90,119,0.454888127,2013
RUBBER,90,122,0.142760705,2013
RUBBER,90,126,0.753128277,2013
RUBBER,90,128,0.034523995,2013
RUBBER,90,131,78.14945189,2013
RUBBER,90,133,0.033329019,2013
RUBBER,90,134,11.97982005,2013
RUBBER,90,136,0.018577286,2013
RUBBER,90,137,0.023196888,2013
RUBBER,90,138,1.672929808,2013
RUBBER,90,143,2.965999856,2013
RUBBER,90,144,0.047137969,2013
RUBBER,90,146,0.032104113,2013
RUBBER,90,147,0.238383442,2013
RUBBER,90,149,0.129217169,2013
RUBBER,90,150,17.92048928,2013
RUBBER,90,153,0.115609299,2013
RUBBER,90,154,0.247354386,2013
RUBBER,90,156,0.199624851,2013
RUBBER,90,159,0.287485044,2013
RUBBER,90,162,4.712907247,2013
RUBBER,90,165,0.945824053,2013
RUBBER,90,167,58.72916761,2013
RUBBER,90,170,0.323011979,2013
RUBBER,90,173,1288.050251,2013
RUBBER,90,174,24.18927199,2013
RUBBER,90,178,0.121295923,2013
RUBBER,90,179,0.284025391,2013
RUBBER,90,181,3.060427368,2013
RUBBER,90,183,545.9045842,2013
RUBBER,90,184,0.04940108,2013
RUBBER,90,185,20.14779371,2013
RUBBER,90,195,0.195318078,2013
RUBBER,90,198,2.124959141,2013
RUBBER,90,199,256.6287441,2013
RUBBER,90,200,0.03620053,2013
RUBBER,90,201,0.080993463,2013
RUBBER,90,202,57.03020808,2013
RUBBER,90,203,2224.608251,2013
RUBBER,90,210,30.48354375,2013
RUBBER,90,211,2.609954081,2013
RUBBER,90,214,1.756532707,2013
RUBBER,90,216,0.04970435,2013
RUBBER,90,220,0.011845137,2013
RUBBER,90,221,0.102548321,2013
RUBBER,90,222,12.64236988,2013
RUBBER,90,223,11.36318681,2013
RUBBER,90,225,0.518727525,2013
RUBBER,90,229,536.8251068,2013
RUBBER,90,230,48.84114397,2013
RUBBER,90,231,93.38346814,2013
RUBBER,90,233,0.016519489,2013
RUBBER,90,234,0.166339799,2013
RUBBER,90,236,0.381366506,2013
RUBBER,90,237,8.569289213,2013
RUBBER,90,238,0.330605466,2013
RUBBER,90,249,0.117530854,2013
RUBBER,90,250,1.068409283,2013
RUBBER,90,251,0.788545738,2013
RUBBER,90,256,15.70179306,2013
RUBBER,90,272,23.49618398,2013
RUBBER,90,273,0.038935719,2013
RUBBER,100,1,0.033807893,2013
RUBBER,100,3,0.075873915,2013
RUBBER,100,4,6.695538945,2013
RUBBER,100,9,64.78117839,2013
RUBBER,100,10,41.78259793,2013
RUBBER,100,11,24.62823553,2013
RUBBER,100,13,8.609743608,2013
RUBBER,100,16,5.067909546,2013
RUBBER,100,19,3.126086169,2013
RUBBER,100,20,0.179164127,2013
RUBBER,100,21,480.7248994,2013
RUBBER,100,27,35.67837796,2013
RUBBER,100,28,10.65992737,2013
RUBBER,100,33,87.06668205,2013
RUBBER,100,38,1318.450011,2013
RUBBER,100,40,3.247145585,2013
RUBBER,100,41,8584.11609,2013
RUBBER,100,44,3.663825319,2013
RUBBER,100,48,15.15098292,2013
RUBBER,100,49,0.062910577,2013
RUBBER,100,52,0.70111542,2013
RUBBER,100,53,0.733220894,2013
RUBBER,100,54,1.168855967,2013
RUBBER,100,56,3.25028243,2013
RUBBER,100,57,25.1092929,2013
RUBBER,100,58,27.81121392,2013
RUBBER,100,59,732.3433451,2013
RUBBER,100,60,0.104667161,2013
RUBBER,100,63,0.790738983,2013
RUBBER,100,67,63.74136064,2013
RUBBER,100,68,282.8479856,2013
RUBBER,100,72,0.206309114,2013
RUBBER,100,73,0.033133068,2013
RUBBER,100,79,985.2095843,2013
RUBBER,100,80,0.469743056,2013
RUBBER,100,84,4.819699831,2013
RUBBER,100,89,8.64851033,2013
RUBBER,100,95,0.360296851,2013
RUBBER,100,96,4.277140024,2013
RUBBER,100,97,554.4500045,2013
RUBBER,100,98,2.023112923,2013
RUBBER,100,99,0.042166398,2013
RUBBER,100,101,24.72230313,2013
RUBBER,100,102,1903.853934,2013
RUBBER,100,103,0.278869991,2013
RUBBER,100,104,0.989754079,2013
RUBBER,100,105,104.5668247,2013
RUBBER,100,106,489.2740723,2013
RUBBER,100,108,0.327890833,2013
RUBBER,100,109,0.312118773,2013
RUBBER,100,110,175.2466555,2013
RUBBER,100,112,71.87984758,2013
RUBBER,100,114,14.42962039,2013
RUBBER,100,116,7.305443741,2013
RUBBER,100,117,359.4788014,2013
RUBBER,100,118,42.60727337,2013
RUBBER,100,119,2.703373047,2013
RUBBER,100,121,0.081637959,2013
RUBBER,100,122,0.341563423,2013
RUBBER,100,126,13.60965368,2013
RUBBER,100,131,9577.740925,2013
RUBBER,100,133,0.185561607,2013
RUBBER,100,134,10.3554647,2013
RUBBER,100,136,0.18911911,2013
RUBBER,100,137,0.109446922,2013
RUBBER,100,138,430.5649786,2013
RUBBER,100,143,3.080103222,2013
RUBBER,100,144,0.112780376,2013
RUBBER,100,146,0.017355171,2013
RUBBER,100,147,0.570346471,2013
RUBBER,100,149,203.4921976,2013
RUBBER,100,150,29.36857622,2013
RUBBER,100,153,0.045377444,2013
RUBBER,100,154,0.484115071,2013
RUBBER,100,156,25.52101614,2013
RUBBER,100,157,0.701625617,2013
RUBBER,100,159,13.55622558,2013
RUBBER,100,162,2.155434103,2013
RUBBER,100,165,550.1649221,2013
RUBBER,100,167,281.6991253,2013
RUBBER,100,170,83.15295247,2013
RUBBER,100,171,6.559756333,2013
RUBBER,100,173,176.9916927,2013
RUBBER,100,174,164.6060317,2013
RUBBER,100,178,7.293720421,2013
RUBBER,100,179,183.9417417,2013
RUBBER,100,181,2.954296706,2013
RUBBER,100,183,79.83076816,2013
RUBBER,100,184,0.098138575,2013
RUBBER,100,185,154.3355458,2013
RUBBER,100,195,2.957891677,2013
RUBBER,100,196,0.018857143,2013
RUBBER,100,198,9.685362356,2013
RUBBER,100,199,221.9491197,2013
RUBBER,100,200,2.5833135,2013
RUBBER,100,201,127.6251412,2013
RUBBER,100,202,136.448143,2013
RUBBER,100,203,195.955925,2013
RUBBER,100,209,0.022556075,2013
RUBBER,100,210,25.86538939,2013
RUBBER,100,211,2.55941035,2013
RUBBER,100,212,0.031388646,2013
RUBBER,100,213,0.013805445,2013
RUBBER,100,214,170.5040702,2013
RUBBER,100,216,5.261096389,2013
RUBBER,100,221,3.818215878,2013
RUBBER,100,222,46.78808662,2013
RUBBER,100,223,375.5798946,2013
RUBBER,100,225,120.2142603,2013
RUBBER,100,229,108.1740271,2013
RUBBER,100,230,41.69107029,2013
RUBBER,100,231,507.1020322,2013
RUBBER,100,233,0.07592305,2013
RUBBER,100,234,20.27952428,2013
RUBBER,100,235,0.237519953,2013
RUBBER,100,236,13.65303169,2013
RUBBER,100,237,564.1850283,2013
RUBBER,100,238,27.680778,2013
RUBBER,100,249,7.07675544,2013
RUBBER,100,250,2.671326363,2013
RUBBER,100,251,1.972490247,2013
RUBBER,100,256,216.683114,2013
RUBBER,100,272,48.71973057,2013
RUBBER,100,273,2.492259977,2013
RUBBER,101,1,0.997358938,2013
RUBBER,101,3,4.649040856,2013
RUBBER,101,4,61.36761508,2013
RUBBER,101,9,31693.05869,2013
RUBBER,101,10,5217.997755,2013
RUBBER,101,11,1923.35612,2013
RUBBER,101,12,1.9101488,2013
RUBBER,101,13,22.51236723,2013
RUBBER,101,14,3.8202976,2013
RUBBER,101,16,10.0948129,2013
RUBBER,101,17,3.183581333,2013
RUBBER,101,19,182.8059852,2013
RUBBER,101,20,29.97691368,2013
RUBBER,101,21,89839.60565,2013
RUBBER,101,27,3182.080978,2013
RUBBER,101,28,2.868102498,2013
RUBBER,101,33,78794.86722,2013
RUBBER,101,35,0.24318294,2013
RUBBER,101,38,2450.821766,2013
RUBBER,101,40,1413.489788,2013
RUBBER,101,41,417102.4935,2013
RUBBER,101,44,4164.806778,2013
RUBBER,101,48,750.1260097,2013
RUBBER,101,49,25.01801846,2013
RUBBER,101,52,54.23111605,2013
RUBBER,101,53,0.893023422,2013
RUBBER,101,54,22.14442018,2013
RUBBER,101,56,21.81147648,2013
RUBBER,101,57,2961.221959,2013
RUBBER,101,58,1365.563912,2013
RUBBER,101,59,5638.636901,2013
RUBBER,101,60,27.45189844,2013
RUBBER,101,63,80.61094825,2013
RUBBER,101,67,5846.543221,2013
RUBBER,101,68,56118.86077,2013
RUBBER,101,70,0.390302474,2013
RUBBER,101,72,1.003545143,2013
RUBBER,101,73,5.809510006,2013
RUBBER,101,74,0.164847502,2013
RUBBER,101,79,74107.268,2013
RUBBER,101,80,27.61195634,2013
RUBBER,101,81,0.219603589,2013
RUBBER,101,84,315.5777879,2013
RUBBER,101,89,486.5646329,2013
RUBBER,101,91,1.9101488,2013
RUBBER,101,95,79.70954901,2013
RUBBER,101,96,22.48591863,2013
RUBBER,101,97,9550.541985,2013
RUBBER,101,98,50.39037025,2013
RUBBER,101,99,1.718540514,2013
RUBBER,101,100,133949.5322,2013
RUBBER,101,102,2597.406339,2013
RUBBER,101,103,48.89670921,2013
RUBBER,101,104,877.8793109,2013
RUBBER,101,105,4835.390879,2013
RUBBER,101,106,29320.92781,2013
RUBBER,101,108,25.35016397,2013
RUBBER,101,109,49.67338484,2013
RUBBER,101,110,414505.8843,2013
RUBBER,101,112,68.03884977,2013
RUBBER,101,114,1501.294638,2013
RUBBER,101,116,349.1750993,2013
RUBBER,101,117,146101.2058,2013
RUBBER,101,118,45.87762995,2013
RUBBER,101,119,10095.8725,2013
RUBBER,101,121,0.535683598,2013
RUBBER,101,122,58.35139688,2013
RUBBER,101,126,115.7997447,2013
RUBBER,101,128,1.375677443,2013
RUBBER,101,131,9855.925449,2013
RUBBER,101,133,3.316686586,2013
RUBBER,101,134,792.037175,2013
RUBBER,101,136,7.511422454,2013
RUBBER,101,137,5.992687507,2013
RUBBER,101,138,24243.9674,2013
RUBBER,101,143,86.0174303,2013
RUBBER,101,144,19.26697067,2013
RUBBER,101,146,2.207915923,2013
RUBBER,101,147,97.4358231,2013
RUBBER,101,149,32.3715826,2013
RUBBER,101,150,3862.164318,2013
RUBBER,101,153,3.367990092,2013
RUBBER,101,154,73.25124457,2013
RUBBER,101,156,78.82904342,2013
RUBBER,101,157,5.955343431,2013
RUBBER,101,159,21.18182427,2013
RUBBER,101,162,337.7223416,2013
RUBBER,101,165,5507.772286,2013
RUBBER,101,167,20987.52772,2013
RUBBER,101,168,0.437395979,2013
RUBBER,101,169,0.362402316,2013
RUBBER,101,170,4900.182923,2013
RUBBER,101,171,4264.966362,2013
RUBBER,101,173,29397.30028,2013
RUBBER,101,174,5781.917596,2013
RUBBER,101,176,0.992785367,2013
RUBBER,101,178,8.278941703,2013
RUBBER,101,179,52.7323321,2013
RUBBER,101,181,442.1509654,2013
RUBBER,101,183,25944.82313,2013
RUBBER,101,184,9.431751717,2013
RUBBER,101,185,40952.96484,2013
RUBBER,101,195,44.35410644,2013
RUBBER,101,196,0.019404847,2013
RUBBER,101,198,6967.13858,2013
RUBBER,101,199,16268.20568,2013
RUBBER,101,200,10545.32664,2013
RUBBER,101,201,19.67323259,2013
RUBBER,101,202,23310.28209,2013
RUBBER,101,203,38568.23563,2013
RUBBER,101,209,3.853394134,2013
RUBBER,101,210,2607.620821,2013
RUBBER,101,211,103.0744259,2013
RUBBER,101,212,4.8431683,2013
RUBBER,101,213,2.420629169,2013
RUBBER,101,214,32263.70069,2013
RUBBER,101,216,33.27924014,2013
RUBBER,101,220,4.171134227,2013
RUBBER,101,221,188.6071472,2013
RUBBER,101,222,268.9090364,2013
RUBBER,101,223,65853.70066,2013
RUBBER,101,225,508.3055232,2013
RUBBER,101,229,21390.86712,2013
RUBBER,101,230,196.0675839,2013
RUBBER,101,231,587102.0617,2013
RUBBER,101,233,7.814723044,2013
RUBBER,101,234,25.59342159,2013
RUBBER,101,235,4.869180937,2013
RUBBER,101,236,4503.808758,2013
RUBBER,101,237,730.3436647,2013
RUBBER,101,238,156.1399576,2013
RUBBER,101,249,9.248669622,2013
RUBBER,101,250,36.71596656,2013
RUBBER,101,251,23.96321464,2013
RUBBER,101,256,19546.60438,2013
RUBBER,101,272,4162.027723,2013
RUBBER,101,273,3.005272655,2013
RUBBER,107,1,0.170225497,2013
RUBBER,107,3,3.631585824,2013
RUBBER,107,4,19.15567704,2013
RUBBER,107,9,835.9567668,2013
RUBBER,107,10,41.96629212,2013
RUBBER,107,11,798.7373055,2013
RUBBER,107,12,0.129772547,2013
RUBBER,107,13,6.638314266,2013
RUBBER,107,14,0.259545093,2013
RUBBER,107,16,6.180098332,2013
RUBBER,107,17,0.216287578,2013
RUBBER,107,19,8.321011184,2013
RUBBER,107,20,2.0063147,2013
RUBBER,107,21,9188.780197,2013
RUBBER,107,27,220.4650796,2013
RUBBER,107,28,1.061843663,2013
RUBBER,107,33,3206.934176,2013
RUBBER,107,35,0.088659373,2013
RUBBER,107,38,26.0623027,2013
RUBBER,107,40,23.76287038,2013
RUBBER,107,41,18378.87724,2013
RUBBER,107,44,18.64519895,2013
RUBBER,107,48,87.11003602,2013
RUBBER,107,49,2.369733998,2013
RUBBER,107,52,22.36548219,2013
RUBBER,107,53,0.258529046,2013
RUBBER,107,54,13.93146368,2013
RUBBER,107,56,15.37804668,2013
RUBBER,107,57,5200.431895,2013
RUBBER,107,58,17.10985734,2013
RUBBER,107,59,397.0048507,2013
RUBBER,107,60,1.872053427,2013
RUBBER,107,63,366.9336752,2013
RUBBER,107,67,293.557395,2013
RUBBER,107,68,17957.02379,2013
RUBBER,107,70,0.124889756,2013
RUBBER,107,72,0.030857144,2013
RUBBER,107,73,0.280245183,2013
RUBBER,107,74,0.052748229,2013
RUBBER,107,79,31980.10338,2013
RUBBER,107,80,19.53759894,2013
RUBBER,107,81,0.012675002,2013
RUBBER,107,84,630.2958529,2013
RUBBER,107,89,35.19435235,2013
RUBBER,107,91,0.129772547,2013
RUBBER,107,95,4.228989798,2013
RUBBER,107,96,5.067976424,2013
RUBBER,107,97,2586.299589,2013
RUBBER,107,98,513.8736471,2013
RUBBER,107,99,0.651309439,2013
RUBBER,107,100,10425.29716,2013
RUBBER,107,101,73.26260351,2013
RUBBER,107,102,2274.56771,2013
RUBBER,107,103,2.358730294,2013
RUBBER,107,104,245.4931668,2013
RUBBER,107,105,357.4611019,2013
RUBBER,107,106,10429.88935,2013
RUBBER,107,108,1.651948492,2013
RUBBER,107,109,3.346009632,2013
RUBBER,107,110,373.8307366,2013
RUBBER,107,112,22.03183876,2013
RUBBER,107,114,49.24480327,2013
RUBBER,107,116,15.97516664,2013
RUBBER,107,117,1241.7446,2013
RUBBER,107,118,78.45228577,2013
RUBBER,107,119,22.62094995,2013
RUBBER,107,121,0.202744465,2013
RUBBER,107,122,3.916634662,2013
RUBBER,107,126,4257.420023,2013
RUBBER,107,128,0.378325496,2013
RUBBER,107,131,41824.04795,2013
RUBBER,107,133,17.3563103,2013
RUBBER,107,134,327.1458403,2013
RUBBER,107,136,1.733968547,2013
RUBBER,107,137,0.474536309,2013
RUBBER,107,138,1753.628995,2013
RUBBER,107,143,42.7083659,2013
RUBBER,107,144,1.293228426,2013
RUBBER,107,146,0.497239759,2013
RUBBER,107,147,6.540040897,2013
RUBBER,107,149,2.488141241,2013
RUBBER,107,150,739.0457661,2013
RUBBER,107,153,0.932620741,2013
RUBBER,107,154,8.270014045,2013
RUBBER,107,156,14.79329656,2013
RUBBER,107,157,0.426562962,2013
RUBBER,107,159,3.832482423,2013
RUBBER,107,162,47.56364639,2013
RUBBER,107,165,204.5808769,2013
RUBBER,107,167,11117.64347,2013
RUBBER,107,170,30.15390037,2013
RUBBER,107,171,1.951359009,2013
RUBBER,107,173,19533.72956,2013
RUBBER,107,174,2107.965262,2013
RUBBER,107,178,2.556723912,2013
RUBBER,107,179,9.832783744,2013
RUBBER,107,181,56.74573269,2013
RUBBER,107,183,3303.299356,2013
RUBBER,107,184,0.656695482,2013
RUBBER,107,185,1369.858162,2013
RUBBER,107,195,285.4607912,2013
RUBBER,107,196,0.082345311,2013
RUBBER,107,198,4602.363376,2013
RUBBER,107,199,7012.489228,2013
RUBBER,107,200,544.6994976,2013
RUBBER,107,201,1.531168437,2013
RUBBER,107,202,1564.621649,2013
RUBBER,107,203,32180.88383,2013
RUBBER,107,209,0.258645685,2013
RUBBER,107,210,522.7801086,2013
RUBBER,107,211,50.00911222,2013
RUBBER,107,212,0.250336032,2013
RUBBER,107,213,0.116768826,2013
RUBBER,107,214,518.4040451,2013
RUBBER,107,216,24.09683683,2013
RUBBER,107,220,0.329239408,2013
RUBBER,107,221,3.020239851,2013
RUBBER,107,222,255.5143498,2013
RUBBER,107,223,3176.719277,2013
RUBBER,107,225,140.1216373,2013
RUBBER,107,229,5882.70924,2013
RUBBER,107,230,593.8985391,2013
RUBBER,107,231,39886.80342,2013
RUBBER,107,233,703.6505681,2013
RUBBER,107,234,87.52292897,2013
RUBBER,107,235,0.956050705,2013
RUBBER,107,236,56.30255101,2013
RUBBER,107,237,78.99767422,2013
RUBBER,107,238,99.1364373,2013
RUBBER,107,249,2.53108962,2013
RUBBER,107,250,16.50372259,2013
RUBBER,107,251,12.0802744,2013
RUBBER,107,256,3432.19923,2013
RUBBER,107,272,3052.725856,2013
RUBBER,107,273,11.00976106,2013
RUBBER,115,1,0.054016004,2013
RUBBER,115,3,0.117705333,2013
RUBBER,115,4,1.591202979,2013
RUBBER,115,9,160.7178083,2013
RUBBER,115,10,29.45192876,2013
RUBBER,115,11,40.70047907,2013
RUBBER,115,13,0.330462999,2013
RUBBER,115,16,2.394406267,2013
RUBBER,115,19,4.559410898,2013
RUBBER,115,20,0.463615122,2013
RUBBER,115,21,712.3995038,2013
RUBBER,115,27,36.04419663,2013
RUBBER,115,28,0.412608311,2013
RUBBER,115,33,177.4394397,2013
RUBBER,115,35,0.010144938,2013
RUBBER,115,38,55.4963187,2013
RUBBER,115,40,4.546598069,2013
RUBBER,115,41,24665.79229,2013
RUBBER,115,44,4.777899125,2013
RUBBER,115,48,48.61564293,2013
RUBBER,115,49,0.166921314,2013
RUBBER,115,52,1.128064665,2013
RUBBER,115,54,1.941796044,2013
RUBBER,115,56,5.329241905,2013
RUBBER,115,57,58.15305965,2013
RUBBER,115,58,21.75849781,2013
RUBBER,115,59,204.2495245,2013
RUBBER,115,60,0.119434694,2013
RUBBER,115,63,1.78070475,2013
RUBBER,115,67,117.6688341,2013
RUBBER,115,68,456.2204414,2013
RUBBER,115,72,0.027763266,2013
RUBBER,115,73,0.046558105,2013
RUBBER,115,79,1590.536173,2013
RUBBER,115,80,0.47650007,2013
RUBBER,115,81,0.012373027,2013
RUBBER,115,84,17.93378507,2013
RUBBER,115,89,4.820561347,2013
RUBBER,115,95,0.525286255,2013
RUBBER,115,96,8.797290021,2013
RUBBER,115,97,128.3296335,2013
RUBBER,115,98,3.679704335,2013
RUBBER,115,99,0.030342774,2013
RUBBER,115,100,2684.108055,2013
RUBBER,115,101,90.00080485,2013
RUBBER,115,102,855.3061983,2013
RUBBER,115,103,0.391864052,2013
RUBBER,115,104,1.705117916,2013
RUBBER,115,105,122.361496,2013
RUBBER,115,106,419.1463642,2013
RUBBER,115,108,0.715716049,2013
RUBBER,115,109,0.118980632,2013
RUBBER,115,110,361.4263083,2013
RUBBER,115,112,5.644906401,2013
RUBBER,115,114,3.568860961,2013
RUBBER,115,116,117.3366988,2013
RUBBER,115,117,3677.596696,2013
RUBBER,115,118,28.03884335,2013
RUBBER,115,119,5.288464227,2013
RUBBER,115,121,0.085501921,2013
RUBBER,115,122,0.880954065,2013
RUBBER,115,126,22.37334784,2013
RUBBER,115,131,15662.71367,2013
RUBBER,115,133,0.102054757,2013
RUBBER,115,134,16.70126651,2013
RUBBER,115,136,0.367948905,2013
RUBBER,115,137,0.307460621,2013
RUBBER,115,138,235.1291871,2013
RUBBER,115,143,5.145933654,2013
RUBBER,115,144,0.290881059,2013
RUBBER,115,146,0.020249788,2013
RUBBER,115,147,1.471027071,2013
RUBBER,115,149,0.688839633,2013
RUBBER,115,150,53.96045144,2013
RUBBER,115,153,0.039482121,2013
RUBBER,115,154,0.625118857,2013
RUBBER,115,156,10.21008939,2013
RUBBER,115,157,0.050695155,2013
RUBBER,115,159,0.588965407,2013
RUBBER,115,162,2.393518357,2013
RUBBER,115,165,161.1675921,2013
RUBBER,115,167,497.7164638,2013
RUBBER,115,170,49.83900549,2013
RUBBER,115,171,1.317624566,2013
RUBBER,115,173,268.2158867,2013
RUBBER,115,174,241.2060369,2013
RUBBER,115,178,0.620265758,2013
RUBBER,115,179,2.606461073,2013
RUBBER,115,181,6.518368859,2013
RUBBER,115,183,92.77260745,2013
RUBBER,115,184,0.100051455,2013
RUBBER,115,185,338.3012835,2013
RUBBER,115,195,1.39336623,2013
RUBBER,115,196,0.030837547,2013
RUBBER,115,198,12.8839671,2013
RUBBER,115,199,347.2717769,2013
RUBBER,115,200,870.4436753,2013
RUBBER,115,201,0.394216248,2013
RUBBER,115,202,351.9245271,2013
RUBBER,115,203,414.4474229,2013
RUBBER,115,209,0.058176212,2013
RUBBER,115,210,61.63301255,2013
RUBBER,115,211,7.184957785,2013
RUBBER,115,212,0.045178913,2013
RUBBER,115,213,0.01939921,2013
RUBBER,115,214,1111.810124,2013
RUBBER,115,216,8.836100322,2013
RUBBER,115,220,0.011488216,2013
RUBBER,115,221,0.770327625,2013
RUBBER,115,222,62.72766212,2013
RUBBER,115,223,527.7594008,2013
RUBBER,115,225,52.70779602,2013
RUBBER,115,229,151.525159,2013
RUBBER,115,230,39.21684507,2013
RUBBER,115,231,1285.08042,2013
RUBBER,115,233,0.157061636,2013
RUBBER,115,234,34.60696048,2013
RUBBER,115,235,0.456156512,2013
RUBBER,115,236,33.83274484,2013
RUBBER,115,237,5281.506527,2013
RUBBER,115,238,39.38317827,2013
RUBBER,115,249,0.64874439,2013
RUBBER,115,250,1.023014829,2013
RUBBER,115,251,0.711382307,2013
RUBBER,115,256,154.2932423,2013
RUBBER,115,272,83.4221908,2013
RUBBER,115,273,4.0698492,2013
RUBBER,123,1,0.019939551,2013
RUBBER,123,3,0.242832083,2013
RUBBER,123,4,3.216377038,2013
RUBBER,123,9,25.30651089,2013
RUBBER,123,10,5.866199718,2013
RUBBER,123,11,104.6912454,2013
RUBBER,123,12,0.12768552,2013
RUBBER,123,13,0.62151334,2013
RUBBER,123,14,0.255371041,2013
RUBBER,123,16,0.543389474,2013
RUBBER,123,17,0.2128092,2013
RUBBER,123,19,1.241465548,2013
RUBBER,123,20,0.117038256,2013
RUBBER,123,21,1655.627911,2013
RUBBER,123,27,11.37081001,2013
RUBBER,123,28,0.08895839,2013
RUBBER,123,33,6550.047052,2013
RUBBER,123,38,4.367168165,2013
RUBBER,123,40,71.82550473,2013
RUBBER,123,41,1477.466461,2013
RUBBER,123,44,4.794655091,2013
RUBBER,123,48,12.17686036,2013
RUBBER,123,49,0.177208065,2013
RUBBER,123,52,2.856687958,2013
RUBBER,123,53,0.021067243,2013
RUBBER,123,54,1.255727672,2013
RUBBER,123,56,2.471891905,2013
RUBBER,123,57,132.9713478,2013
RUBBER,123,58,1.739981433,2013
RUBBER,123,59,41.38221341,2013
RUBBER,123,60,1.576815825,2013
RUBBER,123,63,5.210646176,2013
RUBBER,123,67,365.9331659,2013
RUBBER,123,68,1480.237652,2013
RUBBER,123,70,0.010294942,2013
RUBBER,123,73,0.054703224,2013
RUBBER,123,79,4072.166958,2013
RUBBER,123,80,0.846465138,2013
RUBBER,123,84,5.880859128,2013
RUBBER,123,89,6.31252471,2013
RUBBER,123,91,0.12768552,2013
RUBBER,123,95,1.869676038,2013
RUBBER,123,96,1.237264172,2013
RUBBER,123,97,467.3901325,2013
RUBBER,123,98,4.11455643,2013
RUBBER,123,99,0.069690712,2013
RUBBER,123,100,568.7850703,2013
RUBBER,123,101,6.499830689,2013
RUBBER,123,102,198.9249399,2013
RUBBER,123,103,0.460418798,2013
RUBBER,123,104,2.218028486,2013
RUBBER,123,105,12.83928357,2013
RUBBER,123,106,1876.12853,2013
RUBBER,123,108,0.823426871,2013
RUBBER,123,109,3.287847153,2013
RUBBER,123,110,35.05216538,2013
RUBBER,123,112,2.583832011,2013
RUBBER,123,114,3.569329545,2013
RUBBER,123,116,1.308375884,2013
RUBBER,123,117,110.0878425,2013
RUBBER,123,118,7.196181063,2013
RUBBER,123,119,2.337207734,2013
RUBBER,123,121,0.017968524,2013
RUBBER,123,122,0.227998375,2013
RUBBER,123,126,27.1649586,2013
RUBBER,123,131,3664.522374,2013
RUBBER,123,133,0.140238774,2013
RUBBER,123,134,43.41231039,2013
RUBBER,123,136,0.080757246,2013
RUBBER,123,137,0.023664083,2013
RUBBER,123,138,315.1248186,2013
RUBBER,123,143,3.634488119,2013
RUBBER,123,144,0.075282482,2013
RUBBER,123,146,0.060295797,2013
RUBBER,123,147,0.380714267,2013
RUBBER,123,149,0.137074396,2013
RUBBER,123,150,208.7531677,2013
RUBBER,123,153,0.15535634,2013
RUBBER,123,154,2.0054607,2013
RUBBER,123,156,1.874132617,2013
RUBBER,123,157,0.1344662,2013
RUBBER,123,159,0.723365283,2013
RUBBER,123,162,7.766881673,2013
RUBBER,123,165,20.13650795,2013
RUBBER,123,167,908.5509949,2013
RUBBER,123,170,3.5874191,2013
RUBBER,123,171,0.169683929,2013
RUBBER,123,173,771.288087,2013
RUBBER,123,174,92.00715937,2013
RUBBER,123,178,0.309051998,2013
RUBBER,123,179,0.952064816,2013
RUBBER,123,181,3.693860099,2013
RUBBER,123,183,355.410381,2013
RUBBER,123,184,0.02900068,2013
RUBBER,123,185,1551.529264,2013
RUBBER,123,195,2.139346262,2013
RUBBER,123,198,36.07977175,2013
RUBBER,123,199,887.1790173,2013
RUBBER,123,200,11.05793199,2013
RUBBER,123,201,0.083537738,2013
RUBBER,123,202,91.08104886,2013
RUBBER,123,203,2312.261055,2013
RUBBER,123,209,0.015056496,2013
RUBBER,123,210,52.62940114,2013
RUBBER,123,211,4.055214068,2013
RUBBER,123,212,0.0475146,2013
RUBBER,123,213,0.02279301,2013
RUBBER,123,214,47.40702179,2013
RUBBER,123,216,2.885581799,2013
RUBBER,123,220,0.280313059,2013
RUBBER,123,221,0.293878066,2013
RUBBER,123,222,20.34474178,2013
RUBBER,123,223,620.0883906,2013
RUBBER,123,225,12.54482678,2013
RUBBER,123,229,130.4155289,2013
RUBBER,123,230,361.6010232,2013
RUBBER,123,231,39245.3364,2013
RUBBER,123,233,3.338351387,2013
RUBBER,123,234,7.666390448,2013
RUBBER,123,235,0.092938036,2013
RUBBER,123,236,7.834734596,2013
RUBBER,123,237,6.595330626,2013
RUBBER,123,238,9.025769471,2013
RUBBER,123,249,0.306346671,2013
RUBBER,123,250,1.186712386,2013
RUBBER,123,251,0.871787127,2013
RUBBER,123,256,431.2332756,2013
RUBBER,123,272,303.3399838,2013
RUBBER,123,273,0.979356932,2013
RUBBER,131,1,1.458858427,2013
RUBBER,131,3,1.21586936,2013
RUBBER,131,4,26.09122939,2013
RUBBER,131,9,2724.270791,2013
RUBBER,131,10,401.9068522,2013
RUBBER,131,11,710.8815668,2013
RUBBER,131,12,0.056761726,2013
RUBBER,131,13,6.108856035,2013
RUBBER,131,14,0.113523454,2013
RUBBER,131,16,67.15281204,2013
RUBBER,131,17,0.094602878,2013
RUBBER,131,19,33.74556787,2013
RUBBER,131,20,5.190150363,2013
RUBBER,131,21,16089.95715,2013
RUBBER,131,27,920.8958079,2013
RUBBER,131,28,10.30595407,2013
RUBBER,131,33,2992.609355,2013
RUBBER,131,35,0.287296885,2013
RUBBER,131,38,45.44443557,2013
RUBBER,131,40,110.6654981,2013
RUBBER,131,41,145023.9391,2013
RUBBER,131,44,64.40566552,2013
RUBBER,131,48,703.8843861,2013
RUBBER,131,49,0.985176905,2013
RUBBER,131,52,20.00997814,2013
RUBBER,131,53,0.11309437,2013
RUBBER,131,54,51.39301295,2013
RUBBER,131,56,155.2818877,2013
RUBBER,131,57,1078.945605,2013
RUBBER,131,58,28.8061495,2013
RUBBER,131,59,3497.385038,2013
RUBBER,131,60,1.79141917,2013
RUBBER,131,63,27.61744737,2013
RUBBER,131,67,2948.33282,2013
RUBBER,131,68,7892.390688,2013
RUBBER,131,70,0.054890986,2013
RUBBER,131,72,0.296757609,2013
RUBBER,131,73,0.633262757,2013
RUBBER,131,74,0.023183665,2013
RUBBER,131,79,28334.0767,2013
RUBBER,131,80,10.73944446,2013
RUBBER,131,81,0.099376218,2013
RUBBER,131,84,148.7190812,2013
RUBBER,131,89,109.3174085,2013
RUBBER,131,91,0.056761727,2013
RUBBER,131,95,7.143621043,2013
RUBBER,131,96,42.62628368,2013
RUBBER,131,97,2516.28867,2013
RUBBER,131,98,90.40759003,2013
RUBBER,131,99,0.529663409,2013
RUBBER,131,100,3946.807593,2013
RUBBER,131,101,783.3511796,2013
RUBBER,131,102,24701.98207,2013
RUBBER,131,103,5.329961541,2013
RUBBER,131,104,28.38886115,2013
RUBBER,131,105,116.9639963,2013
RUBBER,131,106,5517.111258,2013
RUBBER,131,108,11.82062687,2013
RUBBER,131,109,1.470487185,2013
RUBBER,131,110,3945.56235,2013
RUBBER,131,112,142.5241493,2013
RUBBER,131,114,31.51097473,2013
RUBBER,131,116,127.4959569,2013
RUBBER,131,117,13301.82777,2013
RUBBER,131,118,811.7138137,2013
RUBBER,131,119,115.3516119,2013
RUBBER,131,121,1.02302006,2013
RUBBER,131,122,10.01694696,2013
RUBBER,131,126,643.720216,2013
RUBBER,131,128,0.191816117,2013
RUBBER,131,133,1.538432206,2013
RUBBER,131,134,301.9021168,2013
RUBBER,131,136,6.261061246,2013
RUBBER,131,137,1.904752584,2013
RUBBER,131,138,5433.570892,2013
RUBBER,131,143,35.23942535,2013
RUBBER,131,144,3.307482486,2013
RUBBER,131,146,0.361304066,2013
RUBBER,131,147,16.72641143,2013
RUBBER,131,149,1.301612415,2013
RUBBER,131,150,1117.374132,2013
RUBBER,131,153,0.53479229,2013
RUBBER,131,154,8.576334443,2013
RUBBER,131,156,133.7198281,2013
RUBBER,131,157,1.107311888,2013
RUBBER,131,159,13.81511273,2013
RUBBER,131,162,34.73999742,2013
RUBBER,131,165,2114.121307,2013
RUBBER,131,167,10833.01806,2013
RUBBER,131,168,0.033689635,2013
RUBBER,131,169,0.032335037,2013
RUBBER,131,170,281.8574541,2013
RUBBER,131,171,20.05415117,2013
RUBBER,131,173,4875.072994,2013
RUBBER,131,174,6830.770739,2013
RUBBER,131,178,15.50084375,2013
RUBBER,131,179,53.45866895,2013
RUBBER,131,181,71.67672966,2013
RUBBER,131,183,1654.956513,2013
RUBBER,131,184,0.770480454,2013
RUBBER,131,185,6725.081808,2013
RUBBER,131,195,23.14741587,2013
RUBBER,131,196,0.902209756,2013
RUBBER,131,198,163.6638158,2013
RUBBER,131,199,6214.144067,2013
RUBBER,131,200,62.5243078,2013
RUBBER,131,201,0.57966954,2013
RUBBER,131,202,4001.58131,2013
RUBBER,131,203,2059.23719,2013
RUBBER,131,209,0.661496497,2013
RUBBER,131,210,863.641355,2013
RUBBER,131,211,50.2082954,2013
RUBBER,131,212,0.707070534,2013
RUBBER,131,213,0.263859482,2013
RUBBER,131,214,5597.546082,2013
RUBBER,131,216,244.8068266,2013
RUBBER,131,220,0.189156132,2013
RUBBER,131,221,20.74269159,2013
RUBBER,131,222,1756.503394,2013
RUBBER,131,223,7178.349986,2013
RUBBER,131,225,1500.167446,2013
RUBBER,131,229,2982.612739,2013
RUBBER,131,230,434.5935849,2013
RUBBER,131,231,17446.24659,2013
RUBBER,131,233,1.625422808,2013
RUBBER,131,234,957.7203004,2013
RUBBER,131,235,9.289926627,2013
RUBBER,131,236,538.3634969,2013
RUBBER,131,237,258.9113047,2013
RUBBER,131,238,1049.752289,2013
RUBBER,131,249,15.31860471,2013
RUBBER,131,250,12.52121966,2013
RUBBER,131,251,8.751891138,2013
RUBBER,131,256,3208.286491,2013
RUBBER,131,272,2130.475579,2013
RUBBER,131,273,118.9676116,2013
RUBBER,138,9,2.345823918,2013
RUBBER,138,10,0.318929799,2013
RUBBER,138,11,0.082580235,2013
RUBBER,138,19,0.453269999,2013
RUBBER,138,21,105.6173209,2013
RUBBER,138,27,0.039767655,2013
RUBBER,138,33,8.223156314,2013
RUBBER,138,38,0.059051098,2013
RUBBER,138,40,42.68845983,2013
RUBBER,138,41,5.208218439,2013
RUBBER,138,44,33.9294004,2013
RUBBER,138,48,27.23447999,2013
RUBBER,138,49,0.186827568,2013
RUBBER,138,56,0.056726669,2013
RUBBER,138,57,2.504826106,2013
RUBBER,138,58,0.105211222,2013
RUBBER,138,59,0.116347764,2013
RUBBER,138,60,8.652492875,2013
RUBBER,138,67,0.114663071,2013
RUBBER,138,68,0.902114175,2013
RUBBER,138,79,3.167598222,2013
RUBBER,138,89,989.0836298,2013
RUBBER,138,95,0.020010096,2013
RUBBER,138,96,0.01316439,2013
RUBBER,138,97,0.34566696,2013
RUBBER,138,100,1.584295773,2013
RUBBER,138,101,6.460501681,2013
RUBBER,138,102,0.071647545,2013
RUBBER,138,104,0.013128489,2013
RUBBER,138,105,0.104871019,2013
RUBBER,138,106,1.066711312,2013
RUBBER,138,109,0.04865182,2013
RUBBER,138,110,4.738771625,2013
RUBBER,138,114,0.333561015,2013
RUBBER,138,117,1.688218848,2013
RUBBER,138,119,0.115567717,2013
RUBBER,138,126,2.007558095,2013
RUBBER,138,131,0.886097432,2013
RUBBER,138,134,0.033584311,2013
RUBBER,138,150,0.149803775,2013
RUBBER,138,156,0.010003247,2013
RUBBER,138,157,9.773163004,2013
RUBBER,138,165,0.114921901,2013
RUBBER,138,167,0.55992717,2013
RUBBER,138,170,18.09447806,2013
RUBBER,138,171,0.048444239,2013
RUBBER,138,173,0.693079327,2013
RUBBER,138,174,0.097035694,2013
RUBBER,138,183,0.4140787,2013
RUBBER,138,185,0.493851521,2013
RUBBER,138,198,0.104505661,2013
RUBBER,138,199,0.690117857,2013
RUBBER,138,200,0.237467139,2013
RUBBER,138,202,0.332462497,2013
RUBBER,138,203,1.983951723,2013
RUBBER,138,210,0.071991084,2013
RUBBER,138,214,0.40842197,2013
RUBBER,138,216,0.012961191,2013
RUBBER,138,223,0.80298458,2013
RUBBER,138,225,0.012336358,2013
RUBBER,138,229,0.623150029,2013
RUBBER,138,231,580.7452989,2013
RUBBER,138,234,0.811136404,2013
RUBBER,138,236,13.10550268,2013
RUBBER,138,237,0.011114303,2013
RUBBER,138,256,1.100980323,2013
RUBBER,138,272,0.072630276,2013
RUBBER,159,1,0.013047818,2013
RUBBER,159,3,0.431760356,2013
RUBBER,159,4,5.927447983,2013
RUBBER,159,9,14.79492452,2013
RUBBER,159,10,3.202184353,2013
RUBBER,159,11,146.7619039,2013
RUBBER,159,13,2.458601553,2013
RUBBER,159,16,0.348458915,2013
RUBBER,159,19,1.350821434,2013
RUBBER,159,20,1.430365144,2013
RUBBER,159,21,753.7116081,2013
RUBBER,159,27,15.48798883,2013
RUBBER,159,28,0.075628965,2013
RUBBER,159,33,4482.639702,2013
RUBBER,159,35,0.011812186,2013
RUBBER,159,38,4.502130102,2013
RUBBER,159,40,0.978145574,2013
RUBBER,159,41,2669.982755,2013
RUBBER,159,44,3.353538897,2013
RUBBER,159,48,4.166865134,2013
RUBBER,159,49,0.495678574,2013
RUBBER,159,52,3.474492578,2013
RUBBER,159,53,0.058675289,2013
RUBBER,159,54,2.513507616,2013
RUBBER,159,56,0.796122537,2013
RUBBER,159,57,6009.065543,2013
RUBBER,159,58,0.258159038,2013
RUBBER,159,59,48.40411694,2013
RUBBER,159,60,0.036493286,2013
RUBBER,159,63,11.81643156,2013
RUBBER,159,67,286.4878628,2013
RUBBER,159,68,4098.635017,2013
RUBBER,159,70,0.0285057,2013
RUBBER,159,73,0.037316456,2013
RUBBER,159,74,0.01203962,2013
RUBBER,159,79,4972.460304,2013
RUBBER,159,80,1.173373792,2013
RUBBER,159,84,5.649010375,2013
RUBBER,159,89,1.674469731,2013
RUBBER,159,95,0.403023789,2013
RUBBER,159,96,0.346633616,2013
RUBBER,159,97,1536.787909,2013
RUBBER,159,98,1.412351473,2013
RUBBER,159,99,0.153495279,2013
RUBBER,159,100,1982.568217,2013
RUBBER,159,101,4.132989545,2013
RUBBER,159,102,129.1523317,2013
RUBBER,159,103,0.314080168,2013
RUBBER,159,104,19.77973291,2013
RUBBER,159,105,108.0089295,2013
RUBBER,159,106,3492.04503,2013
RUBBER,159,108,0.352335171,2013
RUBBER,159,109,0.041779991,2013
RUBBER,159,110,23.62551099,2013
RUBBER,159,112,3.687539674,2013
RUBBER,159,114,10.85467031,2013
RUBBER,159,116,2.262894875,2013
RUBBER,159,117,72.05718924,2013
RUBBER,159,118,5.525633596,2013
RUBBER,159,119,2.389338271,2013
RUBBER,159,121,0.043413793,2013
RUBBER,159,122,2.804603264,2013
RUBBER,159,126,17.59719162,2013
RUBBER,159,128,0.215477323,2013
RUBBER,159,131,2312.147101,2013
RUBBER,159,133,0.090748351,2013
RUBBER,159,134,60.35081949,2013
RUBBER,159,136,0.232681729,2013
RUBBER,159,137,0.174689904,2013
RUBBER,159,138,83.15093593,2013
RUBBER,159,143,8.149926169,2013
RUBBER,159,144,0.926048248,2013
RUBBER,159,146,0.10502077,2013
RUBBER,159,147,4.68315828,2013
RUBBER,159,149,0.470795353,2013
RUBBER,159,150,709.9818987,2013
RUBBER,159,153,0.297439351,2013
RUBBER,159,154,1.10428778,2013
RUBBER,159,156,1.605528162,2013
RUBBER,159,157,0.018712272,2013
RUBBER,159,162,15.8848491,2013
RUBBER,159,165,12.49115969,2013
RUBBER,159,167,308.548935,2013
RUBBER,159,170,2.17659589,2013
RUBBER,159,171,0.129319152,2013
RUBBER,159,173,3095.949776,2013
RUBBER,159,174,280.8465255,2013
RUBBER,159,178,0.456817636,2013
RUBBER,159,179,1.225738877,2013
RUBBER,159,181,25.98105064,2013
RUBBER,159,183,1540.640602,2013
RUBBER,159,184,0.272685197,2013
RUBBER,159,185,463.7031915,2013
RUBBER,159,195,1.005185829,2013
RUBBER,159,198,12.39816566,2013
RUBBER,159,199,1093.364305,2013
RUBBER,159,200,0.601405739,2013
RUBBER,159,201,0.291180753,2013
RUBBER,159,202,1120.386087,2013
RUBBER,159,203,6846.678974,2013
RUBBER,159,209,0.18520965,2013
RUBBER,159,210,308.0722116,2013
RUBBER,159,211,6.776875198,2013
RUBBER,159,212,0.031899921,2013
RUBBER,159,213,0.015548523,2013
RUBBER,159,214,29.47619722,2013
RUBBER,159,216,1.278150136,2013
RUBBER,159,220,0.175953022,2013
RUBBER,159,221,0.40069529,2013
RUBBER,159,222,26.40066601,2013
RUBBER,159,223,423.0006831,2013
RUBBER,159,225,8.533875061,2013
RUBBER,159,229,3350.528722,2013
RUBBER,159,230,113.5749269,2013
RUBBER,159,231,487.8480171,2013
RUBBER,159,233,0.273306442,2013
RUBBER,159,234,4.844236675,2013
RUBBER,159,235,0.071064174,2013
RUBBER,159,236,3.732206047,2013
RUBBER,159,237,13.90384181,2013
RUBBER,159,238,6.054761361,2013
RUBBER,159,249,0.450024452,2013
RUBBER,159,250,3.796289581,2013
RUBBER,159,251,2.667106812,2013
RUBBER,159,256,189.0305595,2013
RUBBER,159,272,232.7290376,2013
RUBBER,159,273,0.653128061,2013
RUBBER,168,4,0.158777999,2013
RUBBER,168,9,14.90575051,2013
RUBBER,168,10,2.189955689,2013
RUBBER,168,11,13.59319333,2013
RUBBER,168,13,0.073276197,2013
RUBBER,168,16,0.363464644,2013
RUBBER,168,19,0.184637785,2013
RUBBER,168,20,0.028570404,2013
RUBBER,168,21,87.23978354,2013
RUBBER,168,27,5.296408378,2013
RUBBER,168,28,0.055777284,2013
RUBBER,168,33,16.22856501,2013
RUBBER,168,38,0.275166569,2013
RUBBER,168,40,0.59935878,2013
RUBBER,168,41,785.046325,2013
RUBBER,168,44,0.363336639,2013
RUBBER,168,48,3.809765752,2013
RUBBER,168,52,0.393451383,2013
RUBBER,168,54,0.324723531,2013
RUBBER,168,56,0.840408098,2013
RUBBER,168,57,5.883791115,2013
RUBBER,168,58,0.155959227,2013
RUBBER,168,59,19.26951442,2013
RUBBER,168,63,0.18507651,2013
RUBBER,168,67,16.18050013,2013
RUBBER,168,68,107.7915478,2013
RUBBER,168,79,563.4869721,2013
RUBBER,168,80,0.070583792,2013
RUBBER,168,84,0.965652868,2013
RUBBER,168,89,0.59217416,2013
RUBBER,168,95,0.039102447,2013
RUBBER,168,96,0.231112072,2013
RUBBER,168,97,16.37558385,2013
RUBBER,168,98,0.508444795,2013
RUBBER,168,100,21.43262467,2013
RUBBER,168,101,4.240892093,2013
RUBBER,168,102,133.6889706,2013
RUBBER,168,103,0.029184571,2013
RUBBER,168,104,0.194674402,2013
RUBBER,168,105,0.678591053,2013
RUBBER,168,106,37.84371946,2013
RUBBER,168,108,0.064850521,2013
RUBBER,168,110,21.40290275,2013
RUBBER,168,112,0.817953645,2013
RUBBER,168,114,0.176472997,2013
RUBBER,168,116,0.690249355,2013
RUBBER,168,117,72.29106557,2013
RUBBER,168,118,4.413008607,2013
RUBBER,168,119,0.770900237,2013
RUBBER,168,122,0.055156303,2013
RUBBER,168,126,3.501982455,2013
RUBBER,168,131,2480.00432,2013
RUBBER,168,133,0.01017928,2013
RUBBER,168,134,5.673112685,2013
RUBBER,168,136,0.034350185,2013
RUBBER,168,137,0.010406359,2013
RUBBER,168,138,29.42028227,2013
RUBBER,168,143,0.279378031,2013
RUBBER,168,144,0.018211987,2013
RUBBER,168,147,0.092100619,2013
RUBBER,168,150,6.391522628,2013
RUBBER,168,154,0.048492087,2013
RUBBER,168,156,0.724959704,2013
RUBBER,168,159,0.086223058,2013
RUBBER,168,162,0.307288191,2013
RUBBER,168,165,11.44829951,2013
RUBBER,168,167,595.4160565,2013
RUBBER,168,170,1.527992531,2013
RUBBER,168,171,0.108552733,2013
RUBBER,168,173,75.78634452,2013
RUBBER,168,174,37.58101506,2013
RUBBER,168,178,0.089907245,2013
RUBBER,168,179,0.306633026,2013
RUBBER,168,181,0.398074574,2013
RUBBER,168,183,29.07081802,2013
RUBBER,168,185,38.21521894,2013
RUBBER,168,195,0.1484909,2013
RUBBER,168,198,1.92814814,2013
RUBBER,168,199,127.0039855,2013
RUBBER,168,200,0.33883043,2013
RUBBER,168,202,22.03390234,2013
RUBBER,168,203,14.7384706,2013
RUBBER,168,210,5.403376112,2013
RUBBER,168,211,0.412609308,2013
RUBBER,168,214,30.31234953,2013
RUBBER,168,216,1.328592521,2013
RUBBER,168,221,0.112791081,2013
RUBBER,168,222,9.751964566,2013
RUBBER,168,223,39.30554916,2013
RUBBER,168,225,8.128874164,2013
RUBBER,168,229,18.39437582,2013
RUBBER,168,230,2.530462426,2013
RUBBER,168,231,95.1382206,2013
RUBBER,168,233,0.010438594,2013
RUBBER,168,234,5.183265283,2013
RUBBER,168,235,0.050291664,2013
RUBBER,168,236,2.9161882,2013
RUBBER,168,237,1.596427895,2013
RUBBER,168,238,5.682734752,2013
RUBBER,168,249,0.088730607,2013
RUBBER,168,250,0.069775207,2013
RUBBER,168,251,0.048809344,2013
RUBBER,168,256,29.38241422,2013
RUBBER,168,272,14.10656727,2013
RUBBER,168,273,0.643974579,2013
RUBBER,171,1,0.101753056,2013
RUBBER,171,3,0.087415287,2013
RUBBER,171,4,1.969676422,2013
RUBBER,171,9,192.9814509,2013
RUBBER,171,10,29.83943499,2013
RUBBER,171,11,66.45189372,2013
RUBBER,171,12,0.019925286,2013
RUBBER,171,13,0.546587117,2013
RUBBER,171,14,0.039850572,2013
RUBBER,171,16,4.681725665,2013
RUBBER,171,17,0.03320881,2013
RUBBER,171,19,2.556938441,2013
RUBBER,171,20,1.590665152,2013
RUBBER,171,21,1221.176223,2013
RUBBER,171,27,65.15794464,2013
RUBBER,171,28,0.732255765,2013
RUBBER,171,33,274.5125377,2013
RUBBER,171,35,0.020013622,2013
RUBBER,171,38,10.71607404,2013
RUBBER,171,40,9.763350869,2013
RUBBER,171,41,11067.03063,2013
RUBBER,171,44,5.376777799,2013
RUBBER,171,48,140.1634616,2013
RUBBER,171,49,0.087470122,2013
RUBBER,171,52,1.799260295,2013
RUBBER,171,54,3.672849928,2013
RUBBER,171,56,10.89610317,2013
RUBBER,171,57,1069.941979,2013
RUBBER,171,58,79.74467816,2013
RUBBER,171,59,248.8980186,2013
RUBBER,171,60,0.319552569,2013
RUBBER,171,63,2.343316353,2013
RUBBER,171,67,205.4988929,2013
RUBBER,171,68,583.7365287,2013
RUBBER,171,72,0.022553503,2013
RUBBER,171,73,0.048835367,2013
RUBBER,171,79,2553.623908,2013
RUBBER,171,80,0.790645182,2013
RUBBER,171,84,10.62190657,2013
RUBBER,171,89,8.060195902,2013
RUBBER,171,91,0.019925286,2013
RUBBER,171,95,0.709510998,2013
RUBBER,171,96,31.90009732,2013
RUBBER,171,97,239.7552781,2013
RUBBER,171,98,6.350204437,2013
RUBBER,171,99,0.04818941,2013
RUBBER,171,100,1130.566413,2013
RUBBER,171,101,132.211733,2013
RUBBER,171,102,1710.688944,2013
RUBBER,171,103,0.411031006,2013
RUBBER,171,104,2.564724931,2013
RUBBER,171,105,395.8504602,2013
RUBBER,171,106,398.9391579,2013
RUBBER,171,108,1.211427227,2013
RUBBER,171,109,0.515119791,2013
RUBBER,171,110,373.1270268,2013
RUBBER,171,112,10.64037732,2013
RUBBER,171,114,3.959352457,2013
RUBBER,171,116,9.689037533,2013
RUBBER,171,117,4243.060813,2013
RUBBER,171,118,56.48112543,2013
RUBBER,171,119,9.572768473,2013
RUBBER,171,121,0.089684803,2013
RUBBER,171,122,3.109357857,2013
RUBBER,171,126,45.02191132,2013
RUBBER,171,128,0.018290415,2013
RUBBER,171,131,31698.29767,2013
RUBBER,171,133,0.148996535,2013
RUBBER,171,134,27.11034381,2013
RUBBER,171,136,0.44340344,2013
RUBBER,171,137,0.147696726,2013
RUBBER,171,138,398.4484137,2013
RUBBER,171,143,83.13525053,2013
RUBBER,171,144,1.026674764,2013
RUBBER,171,146,0.031495416,2013
RUBBER,171,147,5.19204095,2013
RUBBER,171,149,0.293348119,2013
RUBBER,171,150,101.6336678,2013
RUBBER,171,153,0.038869048,2013
RUBBER,171,154,0.654798786,2013
RUBBER,171,156,9.843231208,2013
RUBBER,171,157,0.090681,2013
RUBBER,171,159,1.086173116,2013
RUBBER,171,162,2.697834056,2013
RUBBER,171,165,155.4829919,2013
RUBBER,171,167,1017.634555,2013
RUBBER,171,170,23.38787485,2013
RUBBER,171,173,418.4573994,2013
RUBBER,171,174,475.8438879,2013
RUBBER,171,178,1.170956793,2013
RUBBER,171,179,4.398539734,2013
RUBBER,171,181,21.82742421,2013
RUBBER,171,183,147.6265074,2013
RUBBER,171,184,0.069493684,2013
RUBBER,171,185,1286.874378,2013
RUBBER,171,195,2.292323758,2013
RUBBER,171,196,0.062409219,2013
RUBBER,171,198,13.30421739,2013
RUBBER,171,199,560.3329874,2013
RUBBER,171,200,3302.274626,2013
RUBBER,171,201,0.166046836,2013
RUBBER,171,202,1242.129797,2013
RUBBER,171,203,295.5171758,2013
RUBBER,171,209,0.205334953,2013
RUBBER,171,210,68.6085584,2013
RUBBER,171,211,5.879695737,2013
RUBBER,171,212,0.053228654,2013
RUBBER,171,213,0.02034807,2013
RUBBER,171,214,667.5005967,2013
RUBBER,171,216,17.13055474,2013
RUBBER,171,220,0.032301544,2013
RUBBER,171,221,1.68576637,2013
RUBBER,171,222,121.705534,2013
RUBBER,171,223,553.5733032,2013
RUBBER,171,225,120.7299534,2013
RUBBER,171,229,284.4037567,2013
RUBBER,171,230,30.5446602,2013
RUBBER,171,231,6124.222685,2013
RUBBER,171,233,0.166669623,2013
RUBBER,171,234,66.25535012,2013
RUBBER,171,235,0.651140675,2013
RUBBER,171,236,46.15256298,2013
RUBBER,171,237,22.97601681,2013
RUBBER,171,238,74.4369158,2013
RUBBER,171,249,1.157455388,2013
RUBBER,171,250,1.423427549,2013
RUBBER,171,251,0.879325037,2013
RUBBER,171,256,235.4266754,2013
RUBBER,171,272,152.4636758,2013
RUBBER,171,273,8.229704838,2013
RUBBER,216,117,201354.5654,2001

RUBBER,216,1,1.455777955,2013
RUBBER,216,3,6.260617978,2013
RUBBER,216,4,130.3279417,2013
RUBBER,216,9,3282.316892,2013
RUBBER,216,10,469.0731985,2013
RUBBER,216,11,1346.65379,2013
RUBBER,216,12,0.519832219,2013
RUBBER,216,13,12.2571408,2013
RUBBER,216,14,1.039664441,2013
RUBBER,216,16,1176.100256,2013
RUBBER,216,17,0.866387034,2013
RUBBER,216,19,211.1800416,2013
RUBBER,216,20,10.88500407,2013
RUBBER,216,21,87582.59949,2013
RUBBER,216,27,2797.201277,2013
RUBBER,216,28,9.25909675,2013
RUBBER,216,33,28351.24833,2013
RUBBER,216,35,0.212866777,2013
RUBBER,216,38,2329.785896,2013
RUBBER,216,40,163.2815166,2013
RUBBER,216,41,1558994.267,2013
RUBBER,216,44,655.3820918,2013
RUBBER,216,48,841.3065884,2013
RUBBER,216,49,10.73076613,2013
RUBBER,216,52,37.68940115,2013
RUBBER,216,53,0.539357085,2013
RUBBER,216,54,56.32775704,2013
RUBBER,216,56,103.4126813,2013
RUBBER,216,57,14257.08914,2013
RUBBER,216,58,3290.369746,2013
RUBBER,216,59,11485.72985,2013
RUBBER,216,60,9.167860949,2013
RUBBER,216,63,441.3868003,2013
RUBBER,216,67,2182.171676,2013
RUBBER,216,68,33769.03756,2013
RUBBER,216,70,0.234861128,2013
RUBBER,216,72,1.787495072,2013
RUBBER,216,73,3.571753563,2013
RUBBER,216,74,0.099195554,2013
RUBBER,216,79,50569.10315,2013
RUBBER,216,80,20.63988295,2013
RUBBER,216,81,0.724494677,2013
RUBBER,216,84,681.9837859,2013
RUBBER,216,89,140.958231,2013
RUBBER,216,91,0.519832221,2013
RUBBER,216,95,42.32883352,2013
RUBBER,216,96,277.0240291,2013
RUBBER,216,97,6942.151243,2013
RUBBER,216,98,742.3584132,2013
RUBBER,216,99,1.033464093,2013
RUBBER,216,100,82971.70924,2013
RUBBER,216,101,1503.033379,2013
RUBBER,216,102,27433.05957,2013
RUBBER,216,103,30.06225915,2013
RUBBER,216,104,2699.264087,2013
RUBBER,216,105,1817.689169,2013
RUBBER,216,106,31131.30888,2013
RUBBER,216,108,34.80454342,2013
RUBBER,216,109,13.85830303,2013
RUBBER,216,110,295197.436,2013
RUBBER,216,112,155.424966,2013
RUBBER,216,114,133.7772399,2013
RUBBER,216,116,29749.45629,2013
RUBBER,216,117,189886.2481,2013
RUBBER,216,118,736.5580112,2013
RUBBER,216,119,567.4660338,2013
RUBBER,216,121,8.14989708,2013
RUBBER,216,122,19.527271,2013
RUBBER,216,126,4995.734527,2013
RUBBER,216,128,0.485620183,2013
RUBBER,216,131,291366.4796,2013
RUBBER,216,133,3.011202088,2013
RUBBER,216,134,549.3621253,2013
RUBBER,216,136,15.54596485,2013
RUBBER,216,137,67.77123001,2013
RUBBER,216,138,6694.018614,2013
RUBBER,216,143,124.7850349,2013
RUBBER,216,144,6.447683821,2013
RUBBER,216,146,1.058946272,2013
RUBBER,216,147,32.60685818,2013
RUBBER,216,149,155.1246324,2013
RUBBER,216,150,2961.652716,2013
RUBBER,216,153,2.693449066,2013
RUBBER,216,154,47.76772518,2013
RUBBER,216,156,203.5435991,2013
RUBBER,216,157,1.674590325,2013
RUBBER,216,159,19.20343975,2013
RUBBER,216,162,131.238792,2013
RUBBER,216,165,11264.96703,2013
RUBBER,216,167,12364.26598,2013
RUBBER,216,168,0.03931982,2013
RUBBER,216,169,5.535345583,2013
RUBBER,216,170,988.5816407,2013
RUBBER,216,171,2031.40595,2013
RUBBER,216,173,25662.10118,2013
RUBBER,216,174,5061.120495,2013
RUBBER,216,178,15.71894638,2013
RUBBER,216,179,71.76383725,2013
RUBBER,216,181,177.5124609,2013
RUBBER,216,183,12671.21955,2013
RUBBER,216,184,5.777515034,2013
RUBBER,216,185,21033.82756,2013
RUBBER,216,195,30.48814318,2013
RUBBER,216,196,0.57365713,2013
RUBBER,216,198,648.2292058,2013
RUBBER,216,199,11069.54413,2013
RUBBER,216,200,13052.25841,2013
RUBBER,216,201,12.18609507,2013
RUBBER,216,202,7800.776326,2013
RUBBER,216,203,31412.27148,2013
RUBBER,216,209,1.289536764,2013
RUBBER,216,210,1300.14268,2013
RUBBER,216,211,113.2920182,2013
RUBBER,216,212,837.6800821,2013
RUBBER,216,213,1.48823065,2013
RUBBER,216,214,39701.52937,2013
RUBBER,216,220,1.330238151,2013
RUBBER,216,221,32.87453888,2013
RUBBER,216,222,1265.157166,2013
RUBBER,216,223,40487.6125,2013
RUBBER,216,225,1282.893696,2013
RUBBER,216,229,7551.070096,2013
RUBBER,216,230,441.3726057,2013
RUBBER,216,231,159775.2848,2013
RUBBER,216,233,9.000860201,2013
RUBBER,216,234,702.5613634,2013
RUBBER,216,235,16.66213801,2013
RUBBER,216,236,691.4614267,2013
RUBBER,216,237,4630.397184,2013
RUBBER,216,238,2456.592442,2013
RUBBER,216,249,34.31466396,2013
RUBBER,216,250,48.61881328,2013
RUBBER,216,251,35.11898447,2013
RUBBER,216,256,5273.983273,2013
RUBBER,216,272,5089.322435,2013
RUBBER,216,273,114.937512,2013
RUBBER,237,1,0.586894143,2013
RUBBER,237,3,3.737392754,2013
RUBBER,237,4,29.3689951,2013
RUBBER,237,9,3970.711593,2013
RUBBER,237,10,817.8256857,2013
RUBBER,237,11,757.4374494,2013
RUBBER,237,12,0.102581906,2013
RUBBER,237,13,5.630561223,2013
RUBBER,237,14,0.205163811,2013
RUBBER,237,16,21.58200763,2013
RUBBER,237,17,0.170969843,2013
RUBBER,237,19,110.1471355,2013
RUBBER,237,20,1.975980961,2013
RUBBER,237,21,10854.60323,2013
RUBBER,237,27,443.8796534,2013
RUBBER,237,28,4.5253954,2013
RUBBER,237,33,3610.583392,2013
RUBBER,237,35,0.089577705,2013
RUBBER,237,38,2524.427949,2013
RUBBER,237,40,51.90091357,2013
RUBBER,237,41,214453.299,2013
RUBBER,237,44,125.8446916,2013
RUBBER,237,48,218.6189362,2013
RUBBER,237,49,2.015670299,2013
RUBBER,237,52,21.56585359,2013
RUBBER,237,53,0.150004026,2013
RUBBER,237,54,20.97863986,2013
RUBBER,237,56,42.79963685,2013
RUBBER,237,57,1029.334205,2013
RUBBER,237,58,20.42085583,2013
RUBBER,237,59,5042.865697,2013
RUBBER,237,60,2.131227846,2013
RUBBER,237,63,40.63264349,2013
RUBBER,237,67,1606.686512,2013
RUBBER,237,68,5921.019061,2013
RUBBER,237,70,0.041180244,2013
RUBBER,237,72,0.913925868,2013
RUBBER,237,73,1.327514161,2013
RUBBER,237,74,0.017392819,2013
RUBBER,237,79,30122.18462,2013
RUBBER,237,80,7.178834846,2013
RUBBER,237,81,0.10594921,2013
RUBBER,237,84,670.2827516,2013
RUBBER,237,89,76.92289443,2013
RUBBER,237,91,0.102581906,2013
RUBBER,237,95,14.80784278,2013
RUBBER,237,96,178.7881424,2013
RUBBER,237,97,1563.966234,2013
RUBBER,237,98,52.5648998,2013
RUBBER,237,99,0.588522753,2013
RUBBER,237,100,80599.03415,2013
RUBBER,237,101,1419.416517,2013
RUBBER,237,102,6866.734015,2013
RUBBER,237,103,11.17324419,2013
RUBBER,237,104,34.63135079,2013
RUBBER,237,105,806.6865632,2013
RUBBER,237,106,10030.95165,2013
RUBBER,237,108,7.791499903,2013
RUBBER,237,109,3.157013644,2013
RUBBER,237,110,10709.34651,2013
RUBBER,237,112,69.44115429,2013
RUBBER,237,114,105.7427457,2013
RUBBER,237,116,181.390875,2013
RUBBER,237,117,31490.71497,2013
RUBBER,237,118,230.9041706,2013
RUBBER,237,119,60.76481946,2013
RUBBER,237,121,2.616254639,2013
RUBBER,237,122,3.625725906,2013
RUBBER,237,126,182.7041352,2013
RUBBER,237,128,0.146793057,2013
RUBBER,237,131,123808.867,2013
RUBBER,237,133,2.072219746,2013
RUBBER,237,134,308.0599822,2013
RUBBER,237,136,3.223811785,2013
RUBBER,237,137,2.714599474,2013
RUBBER,237,138,3789.959294,2013
RUBBER,237,143,153.010159,2013
RUBBER,237,144,1.197173648,2013
RUBBER,237,146,0.393368124,2013
RUBBER,237,147,6.054278164,2013
RUBBER,237,149,19.39857268,2013
RUBBER,237,150,609.676037,2013
RUBBER,237,153,0.925787587,2013
RUBBER,237,154,17.30697995,2013
RUBBER,237,156,257.7250529,2013
RUBBER,237,157,0.863168024,2013
RUBBER,237,159,8.174720495,2013
RUBBER,237,162,55.47654875,2013
RUBBER,237,165,4806.911854,2013
RUBBER,237,167,5673.446638,2013
RUBBER,237,168,0.068553817,2013
RUBBER,237,169,0.045815936,2013
RUBBER,237,170,2004.238669,2013
RUBBER,237,171,16.3453925,2013
RUBBER,237,173,5025.640735,2013
RUBBER,237,174,2129.799528,2013
RUBBER,237,178,7.884572241,2013
RUBBER,237,179,35.90523858,2013
RUBBER,237,181,36.39916717,2013
RUBBER,237,183,1693.196403,2013
RUBBER,237,184,1.270482649,2013
RUBBER,237,185,6704.789622,2013
RUBBER,237,195,31.5314039,2013
RUBBER,237,196,0.243761188,2013
RUBBER,237,198,365.1025732,2013
RUBBER,237,199,6517.842399,2013
RUBBER,237,200,52.33846318,2013
RUBBER,237,201,11.83761913,2013
RUBBER,237,202,1448.409089,2013
RUBBER,237,203,11219.88967,2013
RUBBER,237,209,0.23943473,2013
RUBBER,237,210,1676.746572,2013
RUBBER,237,211,247.9597923,2013
RUBBER,237,212,1.166673157,2013
RUBBER,237,213,0.553130901,2013
RUBBER,237,214,25832.24214,2013
RUBBER,237,216,88.34827375,2013
RUBBER,237,220,0.234104731,2013
RUBBER,237,221,7.481186223,2013
RUBBER,237,222,583.4778107,2013
RUBBER,237,223,15048.03678,2013
RUBBER,237,225,461.7022454,2013
RUBBER,237,229,2282.53418,2013
RUBBER,237,230,1314.994129,2013
RUBBER,237,231,31529.50616,2013
RUBBER,237,233,1.525057378,2013
RUBBER,237,234,348.6745512,2013
RUBBER,237,235,4.054398929,2013
RUBBER,237,236,715.5936992,2013
RUBBER,237,238,387.5113672,2013
RUBBER,237,249,8.128853905,2013
RUBBER,237,250,13.56732231,2013
RUBBER,237,251,9.907095528,2013
RUBBER,237,256,2839.700833,2013
RUBBER,237,272,1028.066625,2013
RUBBER,237,273,32.27401967,2013
RUBBER,250,3,0.010871428,2013
RUBBER,250,4,0.167663015,2013
RUBBER,250,9,5.718314826,2013
RUBBER,250,10,0.879362175,2013
RUBBER,250,11,1.822317176,2013
RUBBER,250,13,0.023256312,2013
RUBBER,250,16,0.140847005,2013
RUBBER,250,19,0.217613626,2013
RUBBER,250,20,0.012369893,2013
RUBBER,250,21,33.85521166,2013
RUBBER,250,27,2.103241921,2013
RUBBER,250,28,0.021615569,2013
RUBBER,250,33,6.360767112,2013
RUBBER,250,38,0.112259427,2013
RUBBER,250,40,0.243762323,2013
RUBBER,250,41,1935.6689,2013
RUBBER,250,44,0.195337803,2013
RUBBER,250,48,1.486978716,2013
RUBBER,250,49,0.011058755,2013
RUBBER,250,52,0.050852289,2013
RUBBER,250,54,0.112408495,2013
RUBBER,250,56,0.326267399,2013
RUBBER,250,57,2.27246104,2013
RUBBER,250,58,0.061309751,2013
RUBBER,250,59,7.374832477,2013
RUBBER,250,63,0.062451886,2013
RUBBER,250,67,6.208839139,2013
RUBBER,250,68,17.6776184,2013
RUBBER,250,79,72.15091828,2013
RUBBER,250,80,0.025723754,2013
RUBBER,250,84,0.343950564,2013
RUBBER,250,89,0.23811059,2013
RUBBER,250,95,0.016491162,2013
RUBBER,250,96,0.104114231,2013
RUBBER,250,97,5.803461086,2013
RUBBER,250,98,0.200473617,2013
RUBBER,250,100,8.454606726,2013
RUBBER,250,101,1.710360116,2013
RUBBER,250,102,52.36857119,2013
RUBBER,250,103,0.011866289,2013
RUBBER,250,104,0.152372002,2013
RUBBER,250,105,0.414274842,2013
RUBBER,250,106,81.37104507,2013
RUBBER,250,108,0.046959415,2013
RUBBER,250,110,8.453097589,2013
RUBBER,250,112,0.30328191,2013
RUBBER,250,114,0.07727055,2013
RUBBER,250,116,1.629790381,2013
RUBBER,250,117,27.94480445,2013
RUBBER,250,118,1.705362904,2013
RUBBER,250,119,0.248331135,2013
RUBBER,250,122,0.021997583,2013
RUBBER,250,126,1.356592681,2013
RUBBER,250,131,960.9736571,2013
RUBBER,250,134,0.763700832,2013
RUBBER,250,136,0.025532252,2013
RUBBER,250,137,0.024554837,2013
RUBBER,250,138,11.48380005,2013
RUBBER,250,143,0.09973109,2013
RUBBER,250,147,0.036731813,2013
RUBBER,250,150,2.553641538,2013
RUBBER,250,154,0.032387161,2013
RUBBER,250,156,0.366791708,2013
RUBBER,250,159,0.05049474,2013
RUBBER,250,162,0.320213703,2013
RUBBER,250,165,4.471448209,2013
RUBBER,250,167,23.64348027,2013
RUBBER,250,170,0.602501639,2013
RUBBER,250,171,0.05353124,2013
RUBBER,250,173,15.32632921,2013
RUBBER,250,174,14.51331541,2013
RUBBER,250,178,0.03294653,2013
RUBBER,250,179,0.117004308,2013
RUBBER,250,181,0.163017863,2013
RUBBER,250,183,80.44743907,2013
RUBBER,250,185,14.61369405,2013
RUBBER,250,195,0.053351503,2013
RUBBER,250,198,0.396340936,2013
RUBBER,250,199,15.82069021,2013
RUBBER,250,200,0.1371592,2013
RUBBER,250,202,8.787619397,2013
RUBBER,250,203,6.612028774,2013
RUBBER,250,210,2.617287734,2013
RUBBER,250,211,0.148368331,2013
RUBBER,250,214,11.76747106,2013
RUBBER,250,216,0.514216749,2013
RUBBER,250,221,0.046296406,2013
RUBBER,250,222,3.702864584,2013
RUBBER,250,223,15.98142372,2013
RUBBER,250,225,3.149122038,2013
RUBBER,250,229,22.13272547,2013
RUBBER,250,230,0.934561805,2013
RUBBER,250,231,56.52820469,2013
RUBBER,250,233,0.010399501,2013
RUBBER,250,234,2.01384487,2013
RUBBER,250,235,0.030297425,2013
RUBBER,250,236,1.171804106,2013
RUBBER,250,237,0.59574835,2013
RUBBER,250,238,2.208295554,2013
RUBBER,250,249,0.035499277,2013
RUBBER,250,251,0.038991208,2013
RUBBER,250,256,6.975805837,2013
RUBBER,250,272,5.065433498,2013
RUBBER,250,273,0.250550588,2013